A0PJY2	reviewed	FEZF1_HUMAN	Fez family zinc finger protein 1 (Zinc finger protein 312B)	FEZF1 FEZ ZNF312B	Homo sapiens (Human)	475
A8K8V0	reviewed	ZN785_HUMAN	Zinc finger protein 785	ZNF785	Homo sapiens (Human)	405
B2RXF5	reviewed	ZBT42_HUMAN	Zinc finger and BTB domain-containing protein 42	ZBTB42	Homo sapiens (Human)	422
O00488	reviewed	ZN593_HUMAN	Zinc finger protein 593 (Zinc finger protein T86)	ZNF593 ZT86	Homo sapiens (Human)	134
O14628	reviewed	ZN195_HUMAN	Zinc finger protein 195	ZNF195 ZNFP104	Homo sapiens (Human)	629
O14771	reviewed	ZN213_HUMAN	Zinc finger protein 213 (Putative transcription factor CR53) (Zinc finger protein with KRAB and SCAN domains 21)	ZNF213 ZKSCAN21	Homo sapiens (Human)	459
O14901	reviewed	KLF11_HUMAN	Krueppel-like factor 11 (Transforming growth factor-beta-inducible early growth response protein 2) (TGFB-inducible early growth response protein 2) (TIEG-2)	KLF11 FKLF TIEG2	Homo sapiens (Human)	512
O14978	reviewed	ZN263_HUMAN	Zinc finger protein 263 (Zinc finger protein FPM315) (Zinc finger protein with KRAB and SCAN domains 12)	ZNF263 FPM315 ZKSCAN12	Homo sapiens (Human)	683
O15014	reviewed	ZN609_HUMAN	Zinc finger protein 609	ZNF609 KIAA0295	Homo sapiens (Human)	1411
O15015	reviewed	ZN646_HUMAN	Zinc finger protein 646	ZNF646 KIAA0296	Homo sapiens (Human)	1832
O15060	reviewed	ZBT39_HUMAN	Zinc finger and BTB domain-containing protein 39	ZBTB39 KIAA0352	Homo sapiens (Human)	712
O15062	reviewed	ZBTB5_HUMAN	Zinc finger and BTB domain-containing protein 5	ZBTB5 KIAA0354	Homo sapiens (Human)	677
O15156	reviewed	ZBT7B_HUMAN	Zinc finger and BTB domain-containing protein 7B (Krueppel-related zinc finger protein cKrox) (hcKrox) (T-helper-inducing POZ/Krueppel-like factor) (Zinc finger and BTB domain-containing protein 15) (Zinc finger protein 67 homolog) (Zfp-67) (Zinc finger protein 857B) (Zinc finger protein Th-POK)	ZBTB7B ZBTB15 ZFP67 ZNF857B	Homo sapiens (Human)	539
O15209	reviewed	ZBT22_HUMAN	Zinc finger and BTB domain-containing protein 22 (Protein BING1) (Zinc finger and BTB domain-containing protein 22A) (Zinc finger protein 297)	ZBTB22 BING1 ZBTB22A ZNF297	Homo sapiens (Human)	634
O15391	reviewed	TYY2_HUMAN	Transcription factor YY2 (Yin and yang 2) (YY-2) (Zinc finger protein 631)	YY2 ZNF631	Homo sapiens (Human)	372
O15535	reviewed	ZSC9_HUMAN	Zinc finger and SCAN domain-containing protein 9 (Cell proliferation-inducing gene 12 protein) (PRD51) (Zinc finger protein 193)	ZSCAN9 ZNF193 PIG12	Homo sapiens (Human)	394
O43167	reviewed	ZBT24_HUMAN	Zinc finger and BTB domain-containing protein 24 (Zinc finger protein 450)	ZBTB24 KIAA0441 ZNF450	Homo sapiens (Human)	697
O43296	reviewed	ZN264_HUMAN	Zinc finger protein 264	ZNF264 KIAA0412	Homo sapiens (Human)	627
O43298	reviewed	ZBT43_HUMAN	Zinc finger and BTB domain-containing protein 43 (Zinc finger and BTB domain-containing protein 22B) (Zinc finger protein 297B) (ZnF-x)	ZBTB43 KIAA0414 ZBTB22B ZNF297B	Homo sapiens (Human)	467
O43309	reviewed	ZSC12_HUMAN	Zinc finger and SCAN domain-containing protein 12 (Zinc finger protein 305) (Zinc finger protein 96)	ZSCAN12 KIAA0426 ZNF305 ZNF96	Homo sapiens (Human)	611
O43474	reviewed	KLF4_HUMAN	Krueppel-like factor 4 (Epithelial zinc finger protein EZF) (Gut-enriched krueppel-like factor)	KLF4 EZF GKLF	Homo sapiens (Human)	513
O43623	reviewed	SNAI2_HUMAN	Zinc finger protein SNAI2 (Neural crest transcription factor Slug) (Protein snail homolog 2)	SNAI2 SLUG SLUGH	Homo sapiens (Human)	268
O43829	reviewed	ZBT14_HUMAN	Zinc finger and BTB domain-containing protein 14 (Zinc finger protein 161 homolog) (Zfp-161) (Zinc finger protein 478) (Zinc finger protein 5 homolog) (ZF5) (Zfp-5) (hZF5)	ZBTB14 ZFP161 ZNF478	Homo sapiens (Human)	449
O60281	reviewed	ZN292_HUMAN	Zinc finger protein 292	ZNF292 KIAA0530	Homo sapiens (Human)	2723
O60304	reviewed	ZN500_HUMAN	Zinc finger protein 500 (Zinc finger protein with KRAB and SCAN domains 18)	ZNF500 KIAA0557 ZKSCAN18	Homo sapiens (Human)	480
O60315	reviewed	ZEB2_HUMAN	Zinc finger E-box-binding homeobox 2 (Smad-interacting protein 1) (SMADIP1) (Zinc finger homeobox protein 1b)	ZEB2 KIAA0569 SIP1 ZFHX1B ZFX1B HRIHFB2411	Homo sapiens (Human)	1214
O60481	reviewed	ZIC3_HUMAN	Zinc finger protein ZIC 3 (Zinc finger protein 203) (Zinc finger protein of the cerebellum 3)	ZIC3 ZNF203	Homo sapiens (Human)	467
O75362	reviewed	ZN217_HUMAN	Zinc finger protein 217	ZNF217 ZABC1	Homo sapiens (Human)	1048
O75626	reviewed	PRDM1_HUMAN	PR domain zinc finger protein 1 (EC 2.1.1.-) (BLIMP-1) (Beta-interferon gene positive regulatory domain I-binding factor) (PR domain-containing protein 1) (Positive regulatory domain I-binding factor 1) (PRDI-BF1) (PRDI-binding factor 1)	PRDM1 BLIMP1	Homo sapiens (Human)	825
O75840	reviewed	KLF7_HUMAN	Krueppel-like factor 7 (Ubiquitous krueppel-like factor)	KLF7 UKLF	Homo sapiens (Human)	302
O94892	reviewed	ZN432_HUMAN	Zinc finger protein 432	ZNF432 KIAA0798	Homo sapiens (Human)	652
O95125	reviewed	ZN202_HUMAN	Zinc finger protein 202 (Zinc finger protein with KRAB and SCAN domains 10)	ZNF202 ZKSCAN10	Homo sapiens (Human)	648
O95201	reviewed	RHIT_HUMAN	Transcriptional repressor RHIT (Repressor of heat-inducible transcription) (RhitH) (Zinc finger protein 205) (Zinc finger protein 210)	ZNF205 RHIT ZNF210	Homo sapiens (Human)	554
O95365	reviewed	ZBT7A_HUMAN	Zinc finger and BTB domain-containing protein 7A (Factor binding IST protein 1) (FBI-1) (Factor that binds to inducer of short transcripts protein 1) (HIV-1 1st-binding protein 1) (Leukemia/lymphoma-related factor) (POZ and Krueppel erythroid myeloid ontogenic factor) (POK erythroid myeloid ontogenic factor) (Pokemon) (Pokemon 1) (TTF-I-interacting peptide 21) (TIP21) (Zinc finger protein 857A)	ZBTB7A FBI1 LRF ZBTB7 ZNF857A	Homo sapiens (Human)	584
O95409	reviewed	ZIC2_HUMAN	Zinc finger protein ZIC 2 (Zinc finger protein of the cerebellum 2)	ZIC2	Homo sapiens (Human)	532
O95600	reviewed	KLF8_HUMAN	Krueppel-like factor 8 (Basic krueppel-like factor 3) (Zinc finger protein 741)	KLF8 BKLF3 ZNF741	Homo sapiens (Human)	359
O95785	reviewed	WIZ_HUMAN	Protein Wiz (Widely-interspaced zinc finger-containing protein) (Zinc finger protein 803)	WIZ ZNF803	Homo sapiens (Human)	1651
O95863	reviewed	SNAI1_HUMAN	Zinc finger protein SNAI1 (Protein snail homolog 1) (Protein sna)	SNAI1 SNAH	Homo sapiens (Human)	264
P08047	reviewed	SP1_HUMAN	Transcription factor Sp1	SP1 TSFP1	Homo sapiens (Human)	785
P08048	reviewed	ZFY_HUMAN	Zinc finger Y-chromosomal protein	ZFY	Homo sapiens (Human)	801
P08151	reviewed	GLI1_HUMAN	Zinc finger protein GLI1 (Glioma-associated oncogene) (Oncogene GLI)	GLI1 GLI	Homo sapiens (Human)	1106
P0C7X2	reviewed	ZN688_HUMAN	Zinc finger protein 688	ZNF688	Homo sapiens (Human)	276
P10070	reviewed	GLI2_HUMAN	Zinc finger protein GLI2 (GLI family zinc finger protein 2) (Tax helper protein)	GLI2 THP	Homo sapiens (Human)	1586
P10071	reviewed	GLI3_HUMAN	Transcriptional activator GLI3 (GLI3 form of 190 kDa) (GLI3-190) (GLI3 full-length protein) (GLI3FL) [Cleaved into: Transcriptional repressor GLI3R (GLI3 C-terminally truncated form) (GLI3 form of 83 kDa) (GLI3-83)]	GLI3	Homo sapiens (Human)	1580
P10073	reviewed	ZSC22_HUMAN	Zinc finger and SCAN domain-containing protein 22 (Krueppel-related zinc finger protein 2) (Protein HKR2) (Zinc finger protein 50)	ZSCAN22 HKR2 ZNF50	Homo sapiens (Human)	491
P10074	reviewed	TZAP_HUMAN	Telomere zinc finger-associated protein (TZAP) (Krueppel-related zinc finger protein 3) (hKR3) (Zinc finger and BTB domain-containing protein 48) (Zinc finger protein 855)	ZBTB48 HKR3 TZAP ZNF855	Homo sapiens (Human)	688
P11161	reviewed	EGR2_HUMAN	E3 SUMO-protein ligase EGR2 (EC 2.3.2.-) (AT591) (E3 SUMO-protein transferase ERG2) (Early growth response protein 2) (EGR-2) (Zinc finger protein Krox-20)	EGR2 KROX20	Homo sapiens (Human)	476
P13682	reviewed	ZNF35_HUMAN	Zinc finger protein 35 (Zinc finger protein HF.10)	ZNF35	Homo sapiens (Human)	527
P15336	reviewed	ATF2_HUMAN	Cyclic AMP-dependent transcription factor ATF-2 (cAMP-dependent transcription factor ATF-2) (Activating transcription factor 2) (Cyclic AMP-responsive element-binding protein 2) (CREB-2) (cAMP-responsive element-binding protein 2) (HB16) (cAMP response element-binding protein CRE-BP1)	ATF2 CREB2 CREBP1	Homo sapiens (Human)	505
P15622	reviewed	ZN250_HUMAN	Zinc finger protein 250 (Zinc finger protein 647)	ZNF250 ZNF647	Homo sapiens (Human)	560
P15822	reviewed	ZEP1_HUMAN	Zinc finger protein 40 (Cirhin interaction protein) (CIRIP) (Gate keeper of apoptosis-activating protein) (GAAP) (Human immunodeficiency virus type I enhancer-binding protein 1) (HIV-EP1) (Major histocompatibility complex-binding protein 1) (MBP-1) (Positive regulatory domain II-binding factor 1) (PRDII-BF1)	HIVEP1 ZNF40	Homo sapiens (Human)	2718
P17010	reviewed	ZFX_HUMAN	Zinc finger X-chromosomal protein	ZFX	Homo sapiens (Human)	805
P17014	reviewed	ZNF12_HUMAN	Zinc finger protein 12 (Gonadotropin-inducible ovary transcription repressor 3) (GIOT-3) (Zinc finger protein 325) (Zinc finger protein KOX3)	ZNF12 GIOT3 KOX3 ZNF325	Homo sapiens (Human)	697
P17020	reviewed	ZNF16_HUMAN	Zinc finger protein 16 (Zinc finger protein KOX9)	ZNF16 HZF1 KOX9	Homo sapiens (Human)	682
P17021	reviewed	ZNF17_HUMAN	Zinc finger protein 17 (Zinc finger protein HPF3) (Zinc finger protein KOX10)	ZNF17 KIAA1947 KOX10	Homo sapiens (Human)	662
P17022	reviewed	ZNF18_HUMAN	Zinc finger protein 18 (Heart development-specific gene 1 protein) (Zinc finger protein 535) (Zinc finger protein KOX11) (Zinc finger protein with KRAB and SCAN domains 6)	ZNF18 HDSG1 KOX11 ZKSCAN6 ZNF535	Homo sapiens (Human)	549
P17023	reviewed	ZNF19_HUMAN	Zinc finger protein 19 (Zinc finger protein KOX12)	ZNF19 KOX12	Homo sapiens (Human)	458
P17024	reviewed	ZNF20_HUMAN	Zinc finger protein 20 (Zinc finger protein KOX13)	ZNF20 KOX13	Homo sapiens (Human)	532
P17027	reviewed	ZNF23_HUMAN	Zinc finger protein 23 (Zinc finger protein 359) (Zinc finger protein 612) (Zinc finger protein KOX16)	ZNF23 KOX16 ZNF359 ZNF612	Homo sapiens (Human)	643
P17028	reviewed	ZNF24_HUMAN	Zinc finger protein 24 (Retinoic acid suppression protein A) (RSG-A) (Zinc finger and SCAN domain-containing protein 3) (Zinc finger protein 191) (Zinc finger protein KOX17)	ZNF24 KOX17 ZNF191 ZSCAN3	Homo sapiens (Human)	368
P17036	reviewed	ZNF3_HUMAN	Zinc finger protein 3 (Zinc finger protein HF.12) (Zinc finger protein HZF3.1) (Zinc finger protein KOX25)	ZNF3 KOX25	Homo sapiens (Human)	446
P17040	reviewed	ZSC20_HUMAN	Zinc finger and SCAN domain-containing protein 20 (Zinc finger protein 31) (Zinc finger protein 360) (Zinc finger protein KOX29)	ZSCAN20 KOX29 ZNF31 ZNF360	Homo sapiens (Human)	1043
P17041	reviewed	ZNF32_HUMAN	Zinc finger protein 32 (C2H2-546) (Zinc finger protein KOX30)	ZNF32 KOX30	Homo sapiens (Human)	273
P17544	reviewed	ATF7_HUMAN	Cyclic AMP-dependent transcription factor ATF-7 (cAMP-dependent transcription factor ATF-7) (Activating transcription factor 7) (Transcription factor ATF-A)	ATF7 ATFA	Homo sapiens (Human)	483
P18146	reviewed	EGR1_HUMAN	Early growth response protein 1 (EGR-1) (AT225) (Nerve growth factor-induced protein A) (NGFI-A) (Transcription factor ETR103) (Transcription factor Zif268) (Zinc finger protein 225) (Zinc finger protein Krox-24)	EGR1 KROX24 ZNF225	Homo sapiens (Human)	543
P19544	reviewed	WT1_HUMAN	Wilms tumor protein (WT33)	WT1	Homo sapiens (Human)	449
P24278	reviewed	ZBT25_HUMAN	Zinc finger and BTB domain-containing protein 25 (Zinc finger protein 46) (Zinc finger protein KUP)	ZBTB25 C14orf51 KUP ZNF46	Homo sapiens (Human)	435
P25490	reviewed	TYY1_HUMAN	Transcriptional repressor protein YY1 (Delta transcription factor) (INO80 complex subunit S) (NF-E1) (Yin and yang 1) (YY-1)	YY1 INO80S	Homo sapiens (Human)	414
P28698	reviewed	MZF1_HUMAN	Myeloid zinc finger 1 (MZF-1) (Zinc finger and SCAN domain-containing protein 6) (Zinc finger protein 42)	MZF1 MZF ZNF42 ZSCAN6	Homo sapiens (Human)	734
P31629	reviewed	ZEP2_HUMAN	Transcription factor HIVEP2 (Human immunodeficiency virus type I enhancer-binding protein 2) (HIV-EP2) (MHC-binding protein 2) (MBP-2)	HIVEP2	Homo sapiens (Human)	2446
P35789	reviewed	ZNF93_HUMAN	Zinc finger protein 93 (Zinc finger protein 505) (Zinc finger protein HTF34)	ZNF93 ZNF505	Homo sapiens (Human)	620
P36508	reviewed	ZNF76_HUMAN	Zinc finger protein 76 (Zinc finger protein 523)	ZNF76 D6S229E ZNF523	Homo sapiens (Human)	570
P37275	reviewed	ZEB1_HUMAN	Zinc finger E-box-binding homeobox 1 (NIL-2-A zinc finger protein) (Negative regulator of IL2) (Transcription factor 8) (TCF-8)	ZEB1 AREB6 TCF8	Homo sapiens (Human)	1124
P41182	reviewed	BCL6_HUMAN	B-cell lymphoma 6 protein (BCL-6) (B-cell lymphoma 5 protein) (BCL-5) (Protein LAZ-3) (Zinc finger and BTB domain-containing protein 27) (Zinc finger protein 51)	BCL6 BCL5 LAZ3 ZBTB27 ZNF51	Homo sapiens (Human)	706
P49711	reviewed	CTCF_HUMAN	Transcriptional repressor CTCF (11-zinc finger protein) (CCCTC-binding factor) (CTCFL paralog)	CTCF	Homo sapiens (Human)	727
P49910	reviewed	ZN165_HUMAN	Zinc finger protein 165 (Cancer/testis antigen 53) (CT53) (LD65) (Zinc finger and SCAN domain-containing protein 7)	ZNF165 ZPF165 ZSCAN7	Homo sapiens (Human)	485
P51814	reviewed	ZNF41_HUMAN	Zinc finger protein 41	ZNF41	Homo sapiens (Human)	821
P52736	reviewed	ZN133_HUMAN	Zinc finger protein 133 (Zinc finger protein 150)	ZNF133 ZNF150	Homo sapiens (Human)	654
P52738	reviewed	ZN140_HUMAN	Zinc finger protein 140	ZNF140	Homo sapiens (Human)	457
P52739	reviewed	ZN131_HUMAN	Zinc finger protein 131	ZNF131	Homo sapiens (Human)	623
P52742	reviewed	ZN135_HUMAN	Zinc finger protein 135 (Zinc finger protein 61) (Zinc finger protein 78-like 1)	ZNF135 ZNF61 ZNF78L1	Homo sapiens (Human)	658
P52744	reviewed	ZN138_HUMAN	Zinc finger protein 138	ZNF138	Homo sapiens (Human)	262
P52747	reviewed	ZN143_HUMAN	Zinc finger protein 143 (SPH-binding factor) (Selenocysteine tRNA gene transcription-activating factor) (hStaf)	ZNF143 SBF STAF	Homo sapiens (Human)	638
P52756	reviewed	RBM5_HUMAN	RNA-binding protein 5 (Protein G15) (Putative tumor suppressor LUCA15) (RNA-binding motif protein 5) (Renal carcinoma antigen NY-REN-9)	RBM5 H37 LUCA15	Homo sapiens (Human)	815
P55201	reviewed	BRPF1_HUMAN	Peregrin (Bromodomain and PHD finger-containing protein 1) (Protein Br140)	BRPF1 BR140	Homo sapiens (Human)	1214
P56270	reviewed	MAZ_HUMAN	Myc-associated zinc finger protein (MAZI) (Pur-1) (Purine-binding transcription factor) (Serum amyloid A-activating factor-1) (SAF-1) (Transcription factor Zif87) (ZF87) (Zinc finger protein 801)	MAZ ZNF801	Homo sapiens (Human)	477
P57071	reviewed	PRD15_HUMAN	PR domain zinc finger protein 15 (EC 2.1.1.-) (PR domain-containing protein 15) (Zinc finger protein 298)	PRDM15 C21orf83 ZNF298	Homo sapiens (Human)	1507
P57682	reviewed	KLF3_HUMAN	Krueppel-like factor 3 (Basic krueppel-like factor) (CACCC-box-binding protein BKLF) (TEF-2)	KLF3 BKLF	Homo sapiens (Human)	345
P59817	reviewed	Z280A_HUMAN	Zinc finger protein 280A (3'OY11.1) (Suppressor of hairy wing homolog 1) (Zinc finger protein 636)	ZNF280A SUHW1 ZNF280 ZNF636	Homo sapiens (Human)	542
P59923	reviewed	ZN445_HUMAN	Zinc finger protein 445 (ZFP445) (Zinc finger protein 168) (Zinc finger protein with KRAB and SCAN domains 15)	ZNF445 ZFP445 ZKSCAN15 ZNF168	Homo sapiens (Human)	1031
P98168	reviewed	ZXDA_HUMAN	Zinc finger X-linked protein ZXDA	ZXDA	Homo sapiens (Human)	799
P98175	reviewed	RBM10_HUMAN	RNA-binding protein 10 (G patch domain-containing protein 9) (RNA-binding motif protein 10) (RNA-binding protein S1-1) (S1-1)	RBM10 DXS8237E GPATC9 GPATCH9 KIAA0122	Homo sapiens (Human)	930
Q01101	reviewed	INSM1_HUMAN	Insulinoma-associated protein 1 (Zinc finger protein IA-1)	INSM1 IA1	Homo sapiens (Human)	510
Q01954	reviewed	BNC1_HUMAN	Zinc finger protein basonuclin-1	BNC1 BNC	Homo sapiens (Human)	994
Q02086	reviewed	SP2_HUMAN	Transcription factor Sp2	SP2 KIAA0048	Homo sapiens (Human)	613
Q02446	reviewed	SP4_HUMAN	Transcription factor Sp4 (SPR-1)	SP4	Homo sapiens (Human)	784
Q02447	reviewed	SP3_HUMAN	Transcription factor Sp3 (SPR-2)	SP3	Homo sapiens (Human)	781
Q02930	reviewed	CREB5_HUMAN	Cyclic AMP-responsive element-binding protein 5 (CREB-5) (cAMP-responsive element-binding protein 5) (cAMP-response element-binding protein A) (CRE-BPa)	CREB5 CREBPA	Homo sapiens (Human)	508
Q03112	reviewed	MECOM_HUMAN	Histone-lysine N-methyltransferase MECOM (EC 2.1.1.367) (Ecotropic virus integration site 1 protein homolog) (EVI-1) (MDS1 and EVI1 complex locus protein) (Myelodysplasia syndrome 1 protein) (Myelodysplasia syndrome-associated protein 1)	MECOM EVI1 MDS1 PRDM3	Homo sapiens (Human)	1230
Q03923	reviewed	ZNF85_HUMAN	Zinc finger protein 85 (Zinc finger protein HPF4) (Zinc finger protein HTF1)	ZNF85	Homo sapiens (Human)	595
Q05215	reviewed	EGR4_HUMAN	Early growth response protein 4 (EGR-4) (AT133)	EGR4	Homo sapiens (Human)	589
Q05481	reviewed	ZNF91_HUMAN	Zinc finger protein 91 (Zinc finger protein HPF7) (Zinc finger protein HTF10)	ZNF91	Homo sapiens (Human)	1191
Q05516	reviewed	ZBT16_HUMAN	Zinc finger and BTB domain-containing protein 16 (Promyelocytic leukemia zinc finger protein) (Zinc finger protein 145) (Zinc finger protein PLZF)	ZBTB16 PLZF ZNF145	Homo sapiens (Human)	673
Q06730	reviewed	ZN33A_HUMAN	Zinc finger protein 33A (Zinc finger and ZAK-associated protein with KRAB domain) (ZZaPK) (Zinc finger protein 11A) (Zinc finger protein KOX31)	ZNF33A KIAA0065 KOX31 ZNF11 ZNF11A ZNF33	Homo sapiens (Human)	810
Q06889	reviewed	EGR3_HUMAN	Early growth response protein 3 (EGR-3) (Zinc finger protein pilot)	EGR3 PILOT	Homo sapiens (Human)	387
Q08AG5	reviewed	ZN844_HUMAN	Zinc finger protein 844	ZNF844	Homo sapiens (Human)	666
Q09FC8	reviewed	ZN415_HUMAN	Zinc finger protein 415	ZNF415	Homo sapiens (Human)	603
Q13029	reviewed	PRDM2_HUMAN	PR domain zinc finger protein 2 (EC 2.1.1.355) (GATA-3-binding protein G3B) (Lysine N-methyltransferase 8) (MTB-ZF) (MTE-binding protein) (PR domain-containing protein 2) (Retinoblastoma protein-interacting zinc finger protein) (Zinc finger protein RIZ)	PRDM2 KMT8 RIZ	Homo sapiens (Human)	1718
Q13105	reviewed	ZBT17_HUMAN	Zinc finger and BTB domain-containing protein 17 (Myc-interacting zinc finger protein 1) (Miz-1) (Zinc finger protein 151) (Zinc finger protein 60)	ZBTB17 MIZ1 ZNF151 ZNF60	Homo sapiens (Human)	803
Q13118	reviewed	KLF10_HUMAN	Krueppel-like factor 10 (EGR-alpha) (Transforming growth factor-beta-inducible early growth response protein 1) (TGFB-inducible early growth response protein 1) (TIEG-1)	KLF10 TIEG TIEG1	Homo sapiens (Human)	480
Q13127	reviewed	REST_HUMAN	RE1-silencing transcription factor (Neural-restrictive silencer factor) (X2 box repressor)	REST NRSF XBR	Homo sapiens (Human)	1097
Q13129	reviewed	RLF_HUMAN	Zinc finger protein Rlf (Rearranged L-myc fusion gene protein) (Zn-15-related protein)	RLF	Homo sapiens (Human)	1914
Q13351	reviewed	KLF1_HUMAN	Krueppel-like factor 1 (Erythroid krueppel-like transcription factor) (EKLF)	KLF1 EKLF	Homo sapiens (Human)	362
Q13360	reviewed	ZN177_HUMAN	Zinc finger protein 177	ZNF177	Homo sapiens (Human)	481
Q13398	reviewed	ZN211_HUMAN	Zinc finger protein 211 (Zinc finger protein C2H2-25)	ZNF211	Homo sapiens (Human)	564
Q13422	reviewed	IKZF1_HUMAN	DNA-binding protein Ikaros (Ikaros family zinc finger protein 1) (Lymphoid transcription factor LyF-1)	IKZF1 IK1 IKAROS LYF1 ZNFN1A1	Homo sapiens (Human)	519
Q13886	reviewed	KLF9_HUMAN	Krueppel-like factor 9 (Basic transcription element-binding protein 1) (BTE-binding protein 1) (GC-box-binding protein 1) (Transcription factor BTEB1)	KLF9 BTEB BTEB1	Homo sapiens (Human)	244
Q13887	reviewed	KLF5_HUMAN	Krueppel-like factor 5 (Basic transcription element-binding protein 2) (BTE-binding protein 2) (Colon krueppel-like factor) (GC-box-binding protein 2) (Intestinal-enriched krueppel-like factor) (Transcription factor BTEB2)	KLF5 BTEB2 CKLF IKLF	Homo sapiens (Human)	457
Q14119	reviewed	VEZF1_HUMAN	Vascular endothelial zinc finger 1 (Putative transcription factor DB1) (Zinc finger protein 161)	VEZF1 DB1 ZNF161	Homo sapiens (Human)	521
Q14526	reviewed	HIC1_HUMAN	Hypermethylated in cancer 1 protein (Hic-1) (Zinc finger and BTB domain-containing protein 29)	HIC1 ZBTB29	Homo sapiens (Human)	733
Q14584	reviewed	ZN266_HUMAN	Zinc finger protein 266 (Zinc finger protein HZF1)	ZNF266 KIAA2007	Homo sapiens (Human)	549
Q14585	reviewed	ZN345_HUMAN	Zinc finger protein 345 (Zinc finger protein HZF10)	ZNF345	Homo sapiens (Human)	488
Q14587	reviewed	ZN268_HUMAN	Zinc finger protein 268 (Zinc finger protein HZF3)	ZNF268	Homo sapiens (Human)	947
Q14592	reviewed	ZN460_HUMAN	Zinc finger protein 460 (Zinc finger protein 272) (Zinc finger protein HZF8)	ZNF460 ZNF272	Homo sapiens (Human)	562
Q14872	reviewed	MTF1_HUMAN	Metal regulatory transcription factor 1 (MRE-binding transcription factor) (Transcription factor MTF-1)	MTF1	Homo sapiens (Human)	753
Q14929	reviewed	ZN169_HUMAN	Zinc finger protein 169	ZNF169	Homo sapiens (Human)	603
Q15072	reviewed	OZF_HUMAN	Zinc finger protein OZF (Only zinc finger protein) (Zinc finger protein 146)	ZNF146 OZF	Homo sapiens (Human)	292
Q15075	reviewed	EEA1_HUMAN	Early endosome antigen 1 (Endosome-associated protein p162) (Zinc finger FYVE domain-containing protein 2)	EEA1 ZFYVE2	Homo sapiens (Human)	1411
Q15697	reviewed	ZN174_HUMAN	Zinc finger protein 174 (AW-1) (Zinc finger and SCAN domain-containing protein 8)	ZNF174 ZSCAN8	Homo sapiens (Human)	407
Q15776	reviewed	ZKSC8_HUMAN	Zinc finger protein with KRAB and SCAN domains 8 (LD5-1) (Zinc finger protein 192)	ZKSCAN8 ZNF192	Homo sapiens (Human)	578
Q15911	reviewed	ZFHX3_HUMAN	Zinc finger homeobox protein 3 (AT motif-binding factor 1) (AT-binding transcription factor 1) (Alpha-fetoprotein enhancer-binding protein) (Zinc finger homeodomain protein 3) (ZFH-3)	ZFHX3 ATBF1 C16orf47	Homo sapiens (Human)	3703
Q15915	reviewed	ZIC1_HUMAN	Zinc finger protein ZIC 1 (Zinc finger protein 201) (Zinc finger protein of the cerebellum 1)	ZIC1 ZIC ZNF201	Homo sapiens (Human)	447
Q15916	reviewed	ZBTB6_HUMAN	Zinc finger and BTB domain-containing protein 6 (Zinc finger protein 482) (Zinc finger protein with interaction domain)	ZBTB6 ZID ZNF482	Homo sapiens (Human)	424
Q15928	reviewed	ZN141_HUMAN	Zinc finger protein 141	ZNF141 D4S90	Homo sapiens (Human)	474
Q15973	reviewed	ZN124_HUMAN	Zinc finger protein 124 (Zinc finger protein HZF-16)	ZNF124	Homo sapiens (Human)	351
Q16587	reviewed	ZNF74_HUMAN	Zinc finger protein 74 (Zinc finger protein 520) (hZNF7)	ZNF74 ZNF520	Homo sapiens (Human)	644
Q16600	reviewed	ZN239_HUMAN	Zinc finger protein 239 (Zinc finger protein HOK-2) (Zinc finger protein MOK-2)	ZNF239 HOK2 MOK2	Homo sapiens (Human)	458
Q16670	reviewed	ZSC26_HUMAN	Zinc finger and SCAN domain-containing protein 26 (Protein SRE-ZBP) (Zinc finger protein 187)	ZSCAN26 ZNF187	Homo sapiens (Human)	478
Q17R98	reviewed	ZN827_HUMAN	Zinc finger protein 827	ZNF827	Homo sapiens (Human)	1081
Q2M1K9	reviewed	ZN423_HUMAN	Zinc finger protein 423 (Olf1/EBF-associated zinc finger protein) (hOAZ) (Smad- and Olf-interacting zinc finger protein)	ZNF423 KIAA0760 NPHP14 OAZ	Homo sapiens (Human)	1284
Q2QGD7	reviewed	ZXDC_HUMAN	Zinc finger protein ZXDC (ZXD-like zinc finger protein)	ZXDC ZXDL	Homo sapiens (Human)	858
Q3KNS6	reviewed	ZN829_HUMAN	Zinc finger protein 829	ZNF829	Homo sapiens (Human)	432
Q3KQV3	reviewed	ZN792_HUMAN	Zinc finger protein 792	ZNF792	Homo sapiens (Human)	632
Q3MJ62	reviewed	ZSC23_HUMAN	Zinc finger and SCAN domain-containing protein 23 (Zinc finger protein 390) (Zinc finger protein 453)	ZSCAN23 ZNF390 ZNF453	Homo sapiens (Human)	389
Q3SY56	reviewed	SP6_HUMAN	Transcription factor Sp6 (Krueppel-like factor 14)	SP6 KLF14	Homo sapiens (Human)	376
Q5F1R6	reviewed	DJC21_HUMAN	DnaJ homolog subfamily C member 21 (DnaJ homolog subfamily A member 5) (Protein GS3)	DNAJC21 DNAJA5	Homo sapiens (Human)	531
Q5T1R4	reviewed	ZEP3_HUMAN	Transcription factor HIVEP3 (Human immunodeficiency virus type I enhancer-binding protein 3) (Kappa-B and V(D)J recombination signal sequences-binding protein) (Kappa-binding protein 1) (KBP-1) (Zinc finger protein ZAS3)	HIVEP3 KBP1 KIAA1555 KRC ZAS3	Homo sapiens (Human)	2406
Q5T619	reviewed	ZN648_HUMAN	Zinc finger protein 648	ZNF648	Homo sapiens (Human)	568
Q5T7W0	reviewed	ZN618_HUMAN	Zinc finger protein 618	ZNF618 KIAA1952	Homo sapiens (Human)	954
Q5VTD9	reviewed	GFI1B_HUMAN	Zinc finger protein Gfi-1b (Growth factor independent protein 1B) (Potential regulator of CDKN1A translocated in CML)	GFI1B	Homo sapiens (Human)	330
Q63HK5	reviewed	TSH3_HUMAN	Teashirt homolog 3 (Zinc finger protein 537)	TSHZ3 KIAA1474 TSH3 ZNF537	Homo sapiens (Human)	1081
Q66K89	reviewed	E4F1_HUMAN	Transcription factor E4F1 (EC 2.3.2.27) (E4F transcription factor 1) (Putative E3 ubiquitin-protein ligase E4F1) (RING-type E3 ubiquitin transferase E4F1) (Transcription factor E4F) (p120E4F) (p50E4F)	E4F1 E4F	Homo sapiens (Human)	784
Q68EA5	reviewed	ZNF57_HUMAN	Zinc finger protein 57 (Zinc finger protein 424)	ZNF57 ZNF424	Homo sapiens (Human)	555
Q6DJT9	reviewed	PLAG1_HUMAN	Zinc finger protein PLAG1 (Pleiomorphic adenoma gene 1 protein)	PLAG1	Homo sapiens (Human)	500
Q6N043	reviewed	Z280D_HUMAN	Zinc finger protein 280D (Suppressor of hairy wing homolog 4) (Zinc finger protein 634)	ZNF280D KIAA1584 SUHW4 ZNF634	Homo sapiens (Human)	979
Q6NUN9	reviewed	ZN746_HUMAN	Zinc finger protein 746 (Parkin-interacting substrate) (PARIS)	ZNF746 PARIS	Homo sapiens (Human)	644
Q6NX45	reviewed	ZN774_HUMAN	Zinc finger protein 774	ZNF774	Homo sapiens (Human)	483
Q6P1L6	reviewed	ZN343_HUMAN	Zinc finger protein 343	ZNF343	Homo sapiens (Human)	599
Q6P2D0	reviewed	ZFP1_HUMAN	Zinc finger protein 1 homolog (Zfp-1) (Zinc finger protein 475)	ZFP1 ZNF475	Homo sapiens (Human)	407
Q6P9G9	reviewed	ZN449_HUMAN	Zinc finger protein 449 (Zinc finger and SCAN domain-containing protein 19)	ZNF449 ZSCAN19	Homo sapiens (Human)	518
Q6S9Z5	reviewed	ZN474_HUMAN	Zinc finger protein 474 (Testis-specific zinc finger protein) (TSZFP)	ZNF474	Homo sapiens (Human)	364
Q6U7Q0	reviewed	ZN322_HUMAN	Zinc finger protein 322 (Zinc finger protein 322A) (Zinc finger protein 388) (Zinc finger protein 489)	ZNF322 ZNF322A ZNF388 ZNF489	Homo sapiens (Human)	402
Q6ZMS7	reviewed	ZN783_HUMAN	Zinc finger protein 783	ZNF783	Homo sapiens (Human)	546
Q6ZN18	reviewed	AEBP2_HUMAN	Zinc finger protein AEBP2 (Adipocyte enhancer-binding protein 2) (AE-binding protein 2)	AEBP2	Homo sapiens (Human)	517
Q6ZN30	reviewed	BNC2_HUMAN	Zinc finger protein basonuclin-2	BNC2	Homo sapiens (Human)	1099
Q6ZN55	reviewed	ZN574_HUMAN	Zinc finger protein 574	ZNF574	Homo sapiens (Human)	896
Q6ZN57	reviewed	ZFP2_HUMAN	Zinc finger protein ZFP2 (Zfp-2) (Zinc finger protein 751)	ZFP2 ZNF751	Homo sapiens (Human)	461
Q6ZNG0	reviewed	ZN620_HUMAN	Zinc finger protein 620	ZNF620	Homo sapiens (Human)	422
Q6ZNH5	reviewed	ZN497_HUMAN	Zinc finger protein 497	ZNF497	Homo sapiens (Human)	498
Q6ZSB9	reviewed	ZBT49_HUMAN	Zinc finger and BTB domain-containing protein 49 (Zinc finger protein 509)	ZBTB49 ZNF509	Homo sapiens (Human)	765
Q6ZSZ5	reviewed	ARHGI_HUMAN	Rho guanine nucleotide exchange factor 18 (114 kDa Rho-specific guanine nucleotide exchange factor) (p114-Rho-GEF) (p114RhoGEF) (Septin-associated RhoGEF) (SA-RhoGEF)	ARHGEF18 KIAA0521	Homo sapiens (Human)	1361
Q6ZSZ6	reviewed	TSH1_HUMAN	Teashirt homolog 1 (Antigen NY-CO-33) (Serologically defined colon cancer antigen 33)	TSHZ1 SDCCAG33 TSH1	Homo sapiens (Human)	1077
Q7L2R6	reviewed	ZN765_HUMAN	Zinc finger protein 765	ZNF765	Homo sapiens (Human)	523
Q7Z3I7	reviewed	ZN572_HUMAN	Zinc finger protein 572	ZNF572	Homo sapiens (Human)	529
Q7Z3K3	reviewed	POGZ_HUMAN	Pogo transposable element with ZNF domain (Suppressor of hairy wing homolog 5) (Zinc finger protein 280E) (Zinc finger protein 635)	POGZ KIAA0461 SUHW5 ZNF280E ZNF635 Nbla00003	Homo sapiens (Human)	1410
Q7Z4V0	reviewed	ZN438_HUMAN	Zinc finger protein 438	ZNF438	Homo sapiens (Human)	828
Q86T24	reviewed	KAISO_HUMAN	Transcriptional regulator Kaiso (Zinc finger and BTB domain-containing protein 33)	ZBTB33 KAISO ZNF348	Homo sapiens (Human)	672
Q86UD4	reviewed	ZN329_HUMAN	Zinc finger protein 329	ZNF329	Homo sapiens (Human)	541
Q86UP3	reviewed	ZFHX4_HUMAN	Zinc finger homeobox protein 4 (Zinc finger homeodomain protein 4) (ZFH-4)	ZFHX4	Homo sapiens (Human)	3567
Q86UQ0	reviewed	ZN589_HUMAN	Zinc finger protein 589 (Stem cell zinc finger protein 1)	ZNF589 SZF1	Homo sapiens (Human)	364
Q86UZ6	reviewed	ZBT46_HUMAN	Zinc finger and BTB domain-containing protein 46 (BTB-ZF protein expressed in effector lymphocytes) (BZEL) (BTB/POZ domain-containing protein 4) (Zinc finger protein 340)	ZBTB46 BTBD4 ZNF340	Homo sapiens (Human)	589
Q86V15	reviewed	CASZ1_HUMAN	Zinc finger protein castor homolog 1 (Castor-related protein) (Putative survival-related protein) (Zinc finger protein 693)	CASZ1 CST SRG ZNF693	Homo sapiens (Human)	1759
Q86VK4	reviewed	ZN410_HUMAN	Zinc finger protein 410 (Another partner for ARF 1)	ZNF410 APA1	Homo sapiens (Human)	478
Q86XF7	reviewed	ZN575_HUMAN	Zinc finger protein 575	ZNF575	Homo sapiens (Human)	245
Q86Y25	reviewed	Z354C_HUMAN	Zinc finger protein 354C (Kidney, ischemia, and developmentally-regulated protein 3) (hKID3)	ZNF354C KID3	Homo sapiens (Human)	554
Q86YF9	reviewed	DZIP1_HUMAN	Cilium assembly protein DZIP1 (DAZ-interacting protein 1/2) (DAZ-interacting zinc finger protein 1)	DZIP1 DZIP DZIP2 KIAA0996	Homo sapiens (Human)	867
Q8IVP9	reviewed	ZN547_HUMAN	Zinc finger protein 547	ZNF547	Homo sapiens (Human)	402
Q8IX07	reviewed	FOG1_HUMAN	Zinc finger protein ZFPM1 (Friend of GATA protein 1) (FOG-1) (Friend of GATA 1) (Zinc finger protein 89A) (Zinc finger protein multitype 1)	ZFPM1 FOG1 ZFN89A	Homo sapiens (Human)	1006
Q8IYI8	reviewed	ZN440_HUMAN	Zinc finger protein 440	ZNF440	Homo sapiens (Human)	595
Q8IYY4	reviewed	DZI1L_HUMAN	Cilium assembly protein DZIP1L (DAZ-interacting zinc finger protein 1-like)	DZIP1L	Homo sapiens (Human)	767
Q8IZ20	reviewed	ZN683_HUMAN	Tissue-resident T-cell transcription regulator protein ZNF683 (Homolog of Blimp-1 in T-cell) (Hobit) (Zinc finger protein 683)	ZNF683	Homo sapiens (Human)	524
Q8IZC7	reviewed	ZN101_HUMAN	Zinc finger protein 101 (Zinc finger protein HZF12)	ZNF101	Homo sapiens (Human)	436
Q8N0Y2	reviewed	ZN444_HUMAN	Zinc finger protein 444 (Endothelial zinc finger protein 2) (EZF-2) (Zinc finger and SCAN domain-containing protein 17)	ZNF444 EZF2 ZSCAN17	Homo sapiens (Human)	327
Q8N1G0	reviewed	ZN687_HUMAN	Zinc finger protein 687	ZNF687 KIAA1441	Homo sapiens (Human)	1237
Q8N2R0	reviewed	OSR2_HUMAN	Protein odd-skipped-related 2	OSR2	Homo sapiens (Human)	312
Q8N393	reviewed	ZN786_HUMAN	Zinc finger protein 786	ZNF786	Homo sapiens (Human)	782
Q8N4W9	reviewed	ZN808_HUMAN	Zinc finger protein 808	ZNF808	Homo sapiens (Human)	903
Q8N554	reviewed	ZN276_HUMAN	Zinc finger protein 276 (Zfp-276) (Zinc finger protein 477)	ZNF276 CENP-Z ZFP276 ZNF477	Homo sapiens (Human)	614
Q8N680	reviewed	ZBTB2_HUMAN	Zinc finger and BTB domain-containing protein 2	ZBTB2 KIAA1483 ZNF437	Homo sapiens (Human)	514
Q8N720	reviewed	ZN655_HUMAN	Zinc finger protein 655 (Vav-interacting Krueppel-like protein)	ZNF655 VIK	Homo sapiens (Human)	491
Q8N7E2	reviewed	CBLL2_HUMAN	E3 ubiquitin-protein ligase CBLL2 (EC 2.3.2.27) (Cbl proto-oncogene-like protein 2) (RING-type E3 ubiquitin transferase ZNF645) (Zinc finger protein 645) (c-Cbl-like protein 2)	CBLL2 ZNF645	Homo sapiens (Human)	425
Q8N895	reviewed	ZN366_HUMAN	Zinc finger protein 366 (Dendritic cell-specific transcript protein) (DC-SCRIPT)	ZNF366	Homo sapiens (Human)	744
Q8N8E2	reviewed	ZN513_HUMAN	Zinc finger protein 513	ZNF513	Homo sapiens (Human)	541
Q8NA42	reviewed	ZN383_HUMAN	Zinc finger protein 383	ZNF383 HSD17	Homo sapiens (Human)	475
Q8NAM6	reviewed	ZSCA4_HUMAN	Zinc finger and SCAN domain-containing protein 4 (Zinc finger protein 494)	ZSCAN4 ZNF494	Homo sapiens (Human)	433
Q8NAP3	reviewed	ZBT38_HUMAN	Zinc finger and BTB domain-containing protein 38	ZBTB38	Homo sapiens (Human)	1195
Q8NAP8	reviewed	ZBT8B_HUMAN	Zinc finger and BTB domain-containing protein 8B	ZBTB8B	Homo sapiens (Human)	495
Q8NBB4	reviewed	ZSCA1_HUMAN	Zinc finger and SCAN domain-containing protein 1	ZSCAN1	Homo sapiens (Human)	408
Q8NBF1	reviewed	GLIS1_HUMAN	Zinc finger protein GLIS1 (GLI-similar 1)	GLIS1	Homo sapiens (Human)	620
Q8NC26	reviewed	ZN114_HUMAN	Zinc finger protein 114	ZNF114	Homo sapiens (Human)	417
Q8NCP5	reviewed	ZBT44_HUMAN	Zinc finger and BTB domain-containing protein 44 (BTB/POZ domain-containing protein 15) (Zinc finger protein 851)	ZBTB44 BTBD15 ZNF851	Homo sapiens (Human)	570
Q8NDP4	reviewed	ZN439_HUMAN	Zinc finger protein 439	ZNF439	Homo sapiens (Human)	499
Q8NDQ6	reviewed	ZN540_HUMAN	Zinc finger protein 540	ZNF540 Nbla10512	Homo sapiens (Human)	660
Q8NEA6	reviewed	GLIS3_HUMAN	Zinc finger protein GLIS3 (GLI-similar 3) (Zinc finger protein 515)	GLIS3 ZNF515	Homo sapiens (Human)	775
Q8NF99	reviewed	ZN397_HUMAN	Zinc finger protein 397 (Zinc finger and SCAN domain-containing protein 15) (Zinc finger protein 47)	ZNF397 ZNF47 ZSCAN15	Homo sapiens (Human)	534
Q8NI51	reviewed	CTCFL_HUMAN	Transcriptional repressor CTCFL (Brother of the regulator of imprinted sites) (CCCTC-binding factor) (CTCF paralog) (CTCF-like protein) (Cancer/testis antigen 27) (CT27) (Zinc finger protein CTCF-T)	CTCFL BORIS	Homo sapiens (Human)	663
Q8TAU3	reviewed	ZN417_HUMAN	Zinc finger protein 417	ZNF417	Homo sapiens (Human)	575
Q8TAX0	reviewed	OSR1_HUMAN	Protein odd-skipped-related 1	OSR1 ODD	Homo sapiens (Human)	266
Q8TBC5	reviewed	ZSC18_HUMAN	Zinc finger and SCAN domain-containing protein 18 (Zinc finger protein 447)	ZSCAN18 ZNF447	Homo sapiens (Human)	510
Q8TBJ5	reviewed	FEZF2_HUMAN	Fez family zinc finger protein 2 (Forebrain embryonic zinc finger-like protein 2) (Zinc finger protein 312) (Zinc finger protein Fez-like)	FEZF2 FEZL ZNF312 FKSG36	Homo sapiens (Human)	459
Q8TBZ8	reviewed	ZN564_HUMAN	Zinc finger protein 564	ZNF564	Homo sapiens (Human)	553
Q8TD17	reviewed	ZN398_HUMAN	Zinc finger protein 398 (Zinc finger DNA-binding protein p52/p71)	ZNF398 KIAA1339 ZER6	Homo sapiens (Human)	642
Q8TD23	reviewed	ZN675_HUMAN	Zinc finger protein 675 (TRAF6-binding zinc finger protein) (TRAF6-inhibitory zinc finger protein)	ZNF675 TIZ	Homo sapiens (Human)	568
Q8TDD2	reviewed	SP7_HUMAN	Transcription factor Sp7 (Zinc finger protein osterix)	SP7 OSX	Homo sapiens (Human)	431
Q8TF47	reviewed	ZFP90_HUMAN	Zinc finger protein 90 homolog (Zfp-90) (Zinc finger protein 756)	ZFP90 KIAA1954 ZNF756	Homo sapiens (Human)	636
Q8TF50	reviewed	ZN526_HUMAN	Zinc finger protein 526	ZNF526 KIAA1951	Homo sapiens (Human)	670
Q8WTR7	reviewed	ZN473_HUMAN	Zinc finger protein 473 (Zinc finger protein 100 homolog) (Zfp-100)	ZNF473 KIAA1141 ZFP100	Homo sapiens (Human)	871
Q8WUU4	reviewed	ZN296_HUMAN	Zinc finger protein 296 (ZFP296) (Zinc finger protein 342)	ZNF296 ZNF342	Homo sapiens (Human)	475
Q8WV37	reviewed	ZN480_HUMAN	Zinc finger protein 480	ZNF480	Homo sapiens (Human)	535
Q8WW38	reviewed	FOG2_HUMAN	Zinc finger protein ZFPM2 (Friend of GATA protein 2) (FOG-2) (Friend of GATA 2) (hFOG-2) (Zinc finger protein 89B) (Zinc finger protein multitype 2)	ZFPM2 FOG2 ZNF89B	Homo sapiens (Human)	1151
Q92618	reviewed	ZN516_HUMAN	Zinc finger protein 516	ZNF516 KIAA0222	Homo sapiens (Human)	1163
Q92766	reviewed	RREB1_HUMAN	Ras-responsive element-binding protein 1 (RREB-1) (Finger protein in nuclear bodies) (Raf-responsive zinc finger protein LZ321) (Zinc finger motif enhancer-binding protein 1) (Zep-1)	RREB1 FINB	Homo sapiens (Human)	1687
Q92782	reviewed	DPF1_HUMAN	Zinc finger protein neuro-d4 (BRG1-associated factor 45B) (BAF45B) (D4, zinc and double PHD fingers family 1)	DPF1 BAF45B NEUD4	Homo sapiens (Human)	387
Q92784	reviewed	DPF3_HUMAN	Zinc finger protein DPF3 (BRG1-associated factor 45C) (BAF45C) (Zinc finger protein cer-d4)	DPF3 BAF45C CERD4	Homo sapiens (Human)	378
Q92785	reviewed	REQU_HUMAN	Zinc finger protein ubi-d4 (Apoptosis response zinc finger protein) (BRG1-associated factor 45D) (BAF45D) (D4, zinc and double PHD fingers family 2) (Protein requiem)	DPF2 BAF45D REQ UBID4	Homo sapiens (Human)	391
Q969J2	reviewed	ZKSC4_HUMAN	Zinc finger protein with KRAB and SCAN domains 4 (P373c6.1) (Zinc finger protein 307) (Zinc finger protein 427)	ZKSCAN4 ZNF307 ZNF427	Homo sapiens (Human)	545
Q96AP4	reviewed	ZUP1_HUMAN	Zinc finger-containing ubiquitin peptidase 1 (EC 3.4.19.12) (Lys-63-specific deubiquitinase ZUFSP) (DUB) (Zinc finger with UFM1-specific peptidase domain protein)	ZUP1 C6orf113 ZUFSP	Homo sapiens (Human)	578
Q96BR6	reviewed	ZN669_HUMAN	Zinc finger protein 669	ZNF669	Homo sapiens (Human)	464
Q96BR9	reviewed	ZBT8A_HUMAN	Zinc finger and BTB domain-containing protein 8A (BTB/POZ and zinc-finger domain-containing factor) (BTB/POZ and zinc-finger domains factor on chromosome 1) (BOZ-F1)	ZBTB8A BOZF1	Homo sapiens (Human)	441
Q96C00	reviewed	ZBTB9_HUMAN	Zinc finger and BTB domain-containing protein 9	ZBTB9	Homo sapiens (Human)	473
Q96C55	reviewed	ZN524_HUMAN	Zinc finger protein 524	ZNF524	Homo sapiens (Human)	264
Q96CK0	reviewed	ZN653_HUMAN	Zinc finger protein 653 (67 kDa zinc finger protein) (Zinc finger protein Zip67)	ZNF653 ZIP67	Homo sapiens (Human)	615
Q96DT7	reviewed	ZBT10_HUMAN	Zinc finger and BTB domain-containing protein 10 (Zinc finger protein RIN ZF)	ZBTB10 RINZF RINZFC	Homo sapiens (Human)	871
Q96EG3	reviewed	ZN837_HUMAN	Zinc finger protein 837	ZNF837	Homo sapiens (Human)	531
Q96F45	reviewed	ZN503_HUMAN	Zinc finger protein 503	ZNF503 NOLZ1	Homo sapiens (Human)	646
Q96GC6	reviewed	ZN274_HUMAN	Neurotrophin receptor-interacting factor homolog (Zinc finger protein 274) (Zinc finger protein HFB101) (Zinc finger protein with KRAB and SCAN domains 19) (Zinc finger protein zfp2) (Zf2)	ZNF274 ZKSCAN19 SP2114	Homo sapiens (Human)	653
Q96H86	reviewed	ZN764_HUMAN	Zinc finger protein 764	ZNF764	Homo sapiens (Human)	408
Q96I27	reviewed	ZN625_HUMAN	Zinc finger protein 625	ZNF625	Homo sapiens (Human)	306
Q96IQ9	reviewed	ZN414_HUMAN	Zinc finger protein 414	ZNF414	Homo sapiens (Human)	312
Q96IT1	reviewed	ZN496_HUMAN	Zinc finger protein 496 (Zinc finger protein with KRAB and SCAN domains 17)	ZNF496 ZKSCAN17	Homo sapiens (Human)	587
Q96JB3	reviewed	HIC2_HUMAN	Hypermethylated in cancer 2 protein (Hic-2) (HIC1-related gene on chromosome 22 protein) (Hic-3) (Zinc finger and BTB domain-containing protein 30)	HIC2 HRG22 KIAA1020 ZBTB30	Homo sapiens (Human)	615
Q96JG9	reviewed	ZN469_HUMAN	Zinc finger protein 469	ZNF469 KIAA1858	Homo sapiens (Human)	3953
Q96JL9	reviewed	ZN333_HUMAN	Zinc finger protein 333	ZNF333 KIAA1806	Homo sapiens (Human)	665
Q96JM2	reviewed	ZN462_HUMAN	Zinc finger protein 462 (Zinc finger PBX1-interacting protein) (ZFPIP)	ZNF462 KIAA1803	Homo sapiens (Human)	2506
Q96JM3	reviewed	CHAP1_HUMAN	Chromosome alignment-maintaining phosphoprotein 1 (Zinc finger protein 828)	CHAMP1 C13orf8 CAMP CHAMP KIAA1802 ZNF828	Homo sapiens (Human)	812
Q96JP5	reviewed	ZFP91_HUMAN	E3 ubiquitin-protein ligase ZFP91 (EC 2.3.2.27) (RING-type E3 ubiquitin transferase ZFP91) (Zinc finger protein 757) (Zinc finger protein 91 homolog) (Zfp-91)	ZFP91 ZNF757 FKSG11	Homo sapiens (Human)	570
Q96K58	reviewed	ZN668_HUMAN	Zinc finger protein 668	ZNF668	Homo sapiens (Human)	619
Q96K83	reviewed	ZN521_HUMAN	Zinc finger protein 521 (Early hematopoietic zinc finger protein) (LYST-interacting protein 3)	ZNF521 EHZF LIP3	Homo sapiens (Human)	1311
Q96KM6	reviewed	Z512B_HUMAN	Zinc finger protein 512B	ZNF512B KIAA1196	Homo sapiens (Human)	892
Q96LX8	reviewed	ZN597_HUMAN	Zinc finger protein 597	ZNF597	Homo sapiens (Human)	424
Q96MM3	reviewed	ZFP42_HUMAN	Zinc finger protein 42 homolog (Zfp-42) (Reduced expression protein 1) (REX-1) (hREX-1) (Zinc finger protein 754)	ZFP42 REX1 ZNF754	Homo sapiens (Human)	310
Q96MN9	reviewed	ZN488_HUMAN	Zinc finger protein 488	ZNF488	Homo sapiens (Human)	340
Q96MX3	reviewed	ZNF48_HUMAN	Zinc finger protein 48 (Zinc finger protein 553)	ZNF48 ZNF553	Homo sapiens (Human)	618
Q96N58	reviewed	ZN578_HUMAN	Zinc finger protein 578	ZNF578	Homo sapiens (Human)	590
Q96N77	reviewed	ZN641_HUMAN	Zinc finger protein 641	ZNF641	Homo sapiens (Human)	438
Q96N95	reviewed	ZN396_HUMAN	Zinc finger protein 396 (Zinc finger and SCAN domain-containing protein 14)	ZNF396 ZSCAN14	Homo sapiens (Human)	335
Q96NG5	reviewed	ZN558_HUMAN	Zinc finger protein 558	ZNF558	Homo sapiens (Human)	402
Q96PN7	reviewed	TREF1_HUMAN	Transcriptional-regulating factor 1 (Breast cancer anti-estrogen resistance 2) (Transcriptional-regulating protein 132) (Zinc finger protein rapa) (Zinc finger transcription factor TReP-132)	TRERF1 BCAR2 RAPA TREP132	Homo sapiens (Human)	1200
Q96PQ6	reviewed	ZN317_HUMAN	Zinc finger protein 317	ZNF317 KIAA1588	Homo sapiens (Human)	595
Q96RE9	reviewed	ZN300_HUMAN	Zinc finger protein 300	ZNF300	Homo sapiens (Human)	604
Q96SQ5	reviewed	ZN587_HUMAN	Zinc finger protein 587	ZNF587	Homo sapiens (Human)	575
Q96SZ4	reviewed	ZSC10_HUMAN	Zinc finger and SCAN domain-containing protein 10 (Zinc finger protein 206)	ZSCAN10 ZNF206	Homo sapiens (Human)	725
Q99592	reviewed	ZBT18_HUMAN	Zinc finger and BTB domain-containing protein 18 (58 kDa repressor protein) (Transcriptional repressor RP58) (Translin-associated zinc finger protein 1) (TAZ-1) (Zinc finger protein 238) (Zinc finger protein C2H2-171)	ZBTB18 RP58 TAZ1 ZNF238	Homo sapiens (Human)	522
Q99612	reviewed	KLF6_HUMAN	Krueppel-like factor 6 (B-cell-derived protein 1) (Core promoter element-binding protein) (GC-rich sites-binding factor GBF) (Proto-oncogene BCD1) (Suppressor of tumorigenicity 12 protein) (Transcription factor Zf9)	KLF6 BCD1 COPEB CPBP ST12	Homo sapiens (Human)	283
Q99684	reviewed	GFI1_HUMAN	Zinc finger protein Gfi-1 (Growth factor independent protein 1) (Zinc finger protein 163)	GFI1 ZNF163	Homo sapiens (Human)	422
Q9BQA5	reviewed	HINFP_HUMAN	Histone H4 transcription factor (Histone nuclear factor P) (HiNF-P) (MBD2-interacting zinc finger protein) (Methyl-CpG-binding protein 2-interacting zinc finger protein)	HINFP MIZF ZNF743	Homo sapiens (Human)	517
Q9BRP0	reviewed	OVOL2_HUMAN	Transcription factor Ovo-like 2 (hOvo2) (Zinc finger protein 339)	OVOL2 ZNF339	Homo sapiens (Human)	275
Q9BRR0	reviewed	ZKSC3_HUMAN	Zinc finger protein with KRAB and SCAN domains 3 (Zinc finger and SCAN domain-containing protein 13) (Zinc finger protein 306) (Zinc finger protein 309) (Zinc finger protein 47 homolog) (Zf47) (Zfp-47)	ZKSCAN3 ZFP47 ZNF306 ZNF309 ZSCAN13	Homo sapiens (Human)	538
Q9BS31	reviewed	ZN649_HUMAN	Zinc finger protein 649	ZNF649	Homo sapiens (Human)	505
Q9BS34	reviewed	ZN670_HUMAN	Zinc finger protein 670	ZNF670	Homo sapiens (Human)	389
Q9BSG1	reviewed	ZNF2_HUMAN	Zinc finger protein 2 (Zinc finger protein 2.2) (Zinc finger protein 661)	ZNF2 ZNF661	Homo sapiens (Human)	425
Q9BU19	reviewed	ZN692_HUMAN	Zinc finger protein 692 (AICAR responsive element binding protein)	ZNF692 AREBP ZFP692	Homo sapiens (Human)	519
Q9BUY5	reviewed	ZN426_HUMAN	Zinc finger protein 426	ZNF426	Homo sapiens (Human)	554
Q9BVI0	reviewed	PHF20_HUMAN	PHD finger protein 20 (Glioma-expressed antigen 2) (Hepatocellular carcinoma-associated antigen 58) (Novel zinc finger protein) (Transcription factor TZP)	PHF20 C20orf104 GLEA2 HCA58 NZF TZP	Homo sapiens (Human)	1012
Q9BWE0	reviewed	REPI1_HUMAN	DNA-binding protein REPIN1 (60 kDa origin-specific DNA-binding protein) (60 kDa replication initiation region protein) (ATT-binding protein) (DHFR oribeta-binding protein RIP60) (Zinc finger protein 464)	REPIN1 RIP60 ZNF464	Homo sapiens (Human)	567
Q9BWW7	reviewed	SCRT1_HUMAN	Transcriptional repressor scratch 1 (Scratch homolog 1 zinc finger protein) (SCRT) (Scratch 1) (hScrt)	SCRT1	Homo sapiens (Human)	348
Q9BYN7	reviewed	ZN341_HUMAN	Zinc finger protein 341	ZNF341	Homo sapiens (Human)	854
Q9BZE0	reviewed	GLIS2_HUMAN	Zinc finger protein GLIS2 (GLI-similar 2) (Neuronal Krueppel-like protein)	GLIS2 NKL	Homo sapiens (Human)	524
Q9C0A1	reviewed	ZFHX2_HUMAN	Zinc finger homeobox protein 2 (Zinc finger homeodomain protein 2) (ZFH-2)	ZFHX2 KIAA1056 KIAA1762 ZNF409	Homo sapiens (Human)	2572
Q9C0F3	reviewed	ZN436_HUMAN	Zinc finger protein 436	ZNF436 KIAA1710	Homo sapiens (Human)	470
Q9C0G0	reviewed	ZN407_HUMAN	Zinc finger protein 407	ZNF407 KIAA1703	Homo sapiens (Human)	2248
Q9C0K0	reviewed	BC11B_HUMAN	B-cell lymphoma/leukemia 11B (BCL-11B) (B-cell CLL/lymphoma 11B) (COUP-TF-interacting protein 2) (Radiation-induced tumor suppressor gene 1 protein) (hRit1)	BCL11B CTIP2 RIT1	Homo sapiens (Human)	894
Q9GZU2	reviewed	PEG3_HUMAN	Paternally-expressed gene 3 protein (Zinc finger and SCAN domain-containing protein 24)	PEG3 KIAA0287 ZSCAN24	Homo sapiens (Human)	1588
Q9GZV8	reviewed	PRD14_HUMAN	PR domain zinc finger protein 14 (EC 2.1.1.-) (PR domain-containing protein 14)	PRDM14	Homo sapiens (Human)	571
Q9GZX5	reviewed	ZN350_HUMAN	Zinc finger protein 350 (KRAB zinc finger protein ZFQR) (Zinc finger and BRCA1-interacting protein with a KRAB domain 1) (Zinc finger protein ZBRK1)	ZNF350 ZBRK1	Homo sapiens (Human)	532
Q9H0D2	reviewed	ZN541_HUMAN	Zinc finger protein 541	ZNF541	Homo sapiens (Human)	1346
Q9H116	reviewed	GZF1_HUMAN	GDNF-inducible zinc finger protein 1 (Zinc finger and BTB domain-containing protein 23) (Zinc finger protein 336)	GZF1 ZBTB23 ZNF336	Homo sapiens (Human)	711
Q9H165	reviewed	BC11A_HUMAN	B-cell lymphoma/leukemia 11A (BCL-11A) (B-cell CLL/lymphoma 11A) (COUP-TF-interacting protein 1) (Ecotropic viral integration site 9 protein homolog) (EVI-9) (Zinc finger protein 856)	BCL11A CTIP1 EVI9 KIAA1809 ZNF856	Homo sapiens (Human)	835
Q9H1K0	reviewed	RBNS5_HUMAN	Rabenosyn-5 (110 kDa protein) (FYVE finger-containing Rab5 effector protein rabenosyn-5) (RAB effector RBSN) (Zinc finger FYVE domain-containing protein 20)	RBSN ZFYVE20	Homo sapiens (Human)	784
Q9H2P0	reviewed	ADNP_HUMAN	Activity-dependent neuroprotector homeobox protein (Activity-dependent neuroprotective protein)	ADNP ADNP1 KIAA0784	Homo sapiens (Human)	1102
Q9H2S9	reviewed	IKZF4_HUMAN	Zinc finger protein Eos (Ikaros family zinc finger protein 4)	IKZF4 KIAA1782 ZNFN1A4	Homo sapiens (Human)	585
Q9H4Q3	reviewed	PRD13_HUMAN	PR domain zinc finger protein 13 (EC 2.1.1.-) (PR domain-containing protein 13)	PRDM13 PFM10	Homo sapiens (Human)	707
Q9H4Q4	reviewed	PRD12_HUMAN	PR domain zinc finger protein 12 (EC 2.1.1.-) (PR domain-containing protein 12)	PRDM12 PFM9	Homo sapiens (Human)	367
Q9H4T2	reviewed	ZSC16_HUMAN	Zinc finger and SCAN domain-containing protein 16 (Zinc finger protein 392) (Zinc finger protein 435)	ZSCAN16 ZNF392 ZNF435	Homo sapiens (Human)	348
Q9H4Z2	reviewed	ZN335_HUMAN	Zinc finger protein 335 (NRC-interacting factor 1) (NIF-1)	ZNF335	Homo sapiens (Human)	1342
Q9H582	reviewed	ZN644_HUMAN	Zinc finger protein 644 (Zinc finger motif enhancer-binding protein 2) (Zep-2)	ZNF644 KIAA1221 ZEP2	Homo sapiens (Human)	1327
Q9H5H4	reviewed	ZN768_HUMAN	Zinc finger protein 768	ZNF768	Homo sapiens (Human)	540
Q9H5V7	reviewed	IKZF5_HUMAN	Zinc finger protein Pegasus (Ikaros family zinc finger protein 5)	IKZF5 ZNFN1A5	Homo sapiens (Human)	419
Q9H707	reviewed	ZN552_HUMAN	Zinc finger protein 552	ZNF552	Homo sapiens (Human)	407
Q9H7S9	reviewed	ZN703_HUMAN	Zinc finger protein 703 (Zinc finger elbow-related proline domain protein 1)	ZNF703 ZEPPO1 ZPO1	Homo sapiens (Human)	590
Q9H7X3	reviewed	ZN696_HUMAN	Zinc finger protein 696	ZNF696	Homo sapiens (Human)	374
Q9H8N7	reviewed	ZN395_HUMAN	Zinc finger protein 395 (HD-regulating factor 2) (HDRF-2) (Huntington disease gene regulatory region-binding protein 2) (HD gene regulatory region-binding protein 2) (HDBP-2) (Papillomavirus regulatory factor 1) (PRF-1) (Papillomavirus-binding factor)	ZNF395 HDBP2 PBF	Homo sapiens (Human)	513
Q9H9D4	reviewed	ZN408_HUMAN	Zinc finger protein 408 (PR domain zinc finger protein 17)	ZNF408 PFM14 PRDM17	Homo sapiens (Human)	720
Q9HAZ2	reviewed	PRD16_HUMAN	Histone-lysine N-methyltransferase PRDM16 (EC 2.1.1.367) (PR domain zinc finger protein 16) (PR domain-containing protein 16) (Transcription factor MEL1) (MDS1/EVI1-like gene 1)	PRDM16 KIAA1675 MEL1 PFM13	Homo sapiens (Human)	1276
Q9HBE1	reviewed	PATZ1_HUMAN	POZ-, AT hook-, and zinc finger-containing protein 1 (BTB/POZ domain zinc finger transcription factor) (Protein kinase A RI subunit alpha-associated protein) (Zinc finger and BTB domain-containing protein 19) (Zinc finger protein 278) (Zinc finger sarcoma gene protein)	PATZ1 PATZ RIAZ ZBTB19 ZNF278 ZSG	Homo sapiens (Human)	687
Q9HBT8	reviewed	Z286A_HUMAN	Zinc finger protein 286A	ZNF286A KIAA1874 ZNF286	Homo sapiens (Human)	521
Q9HC78	reviewed	ZBT20_HUMAN	Zinc finger and BTB domain-containing protein 20 (Dendritic-derived BTB/POZ zinc finger protein) (Zinc finger protein 288)	ZBTB20 DPZF ZNF288	Homo sapiens (Human)	741
Q9HCK0	reviewed	ZBT26_HUMAN	Zinc finger and BTB domain-containing protein 26 (Zinc finger protein 481) (Zinc finger protein Bioref)	ZBTB26 KIAA1572 ZNF481	Homo sapiens (Human)	441
Q9HCX3	reviewed	ZN304_HUMAN	Zinc finger protein 304 (KRAB-containing zinc finger protein)	ZNF304	Homo sapiens (Human)	659
Q9NPC7	reviewed	MYNN_HUMAN	Myoneurin (Zinc finger and BTB domain-containing protein 31)	MYNN OSZF ZBTB31 SBBIZ1	Homo sapiens (Human)	610
Q9NQV6	reviewed	PRD10_HUMAN	PR domain zinc finger protein 10 (EC 2.1.1.-) (PR domain-containing protein 10) (Tristanin)	PRDM10 KIAA1231 PFM7 TRIS	Homo sapiens (Human)	1147
Q9NQV7	reviewed	PRDM9_HUMAN	Histone-lysine N-methyltransferase PRDM9 (PR domain zinc finger protein 9) (PR domain-containing protein 9) (Protein-lysine N-methyltransferase PRDM9) (EC 2.1.1.-) ([histone H3]-lysine36 N-trimethyltransferase PRDM9) (EC 2.1.1.359) ([histone H3]-lysine4 N-trimethyltransferase PRDM9) (EC 2.1.1.354) ([histone H3]-lysine9 N-trimethyltransferase PRDM9) (EC 2.1.1.355) ([histone H4]-N-methyl-L-lysine20 N-methyltransferase PRDM9) (EC 2.1.1.362) ([histone H4]-lysine20 N-methyltransferase PRDM9) (EC 2.1.1.361)	PRDM9 PFM6	Homo sapiens (Human)	894
Q9NQV8	reviewed	PRDM8_HUMAN	PR domain zinc finger protein 8 (EC 2.1.1.-) (PR domain-containing protein 8)	PRDM8 PFM5	Homo sapiens (Human)	689
Q9NQX0	reviewed	PRDM6_HUMAN	Putative histone-lysine N-methyltransferase PRDM6 (EC 2.1.1.361) (PR domain zinc finger protein 6) (PR domain-containing protein 6)	PRDM6 PFM3	Homo sapiens (Human)	595
Q9NQX1	reviewed	PRDM5_HUMAN	PR domain zinc finger protein 5 (EC 2.1.1.-) (PR domain-containing protein 5)	PRDM5 PFM2	Homo sapiens (Human)	630
Q9NQZ8	reviewed	ZNF71_HUMAN	Endothelial zinc finger protein induced by tumor necrosis factor alpha (Zinc finger protein 71)	ZNF71 EZFIT	Homo sapiens (Human)	489
Q9NR11	reviewed	ZN302_HUMAN	Zinc finger protein 302 (Zinc finger protein 135-like) (Zinc finger protein 140-like) (Zinc finger protein 327)	ZNF302 ZNF135L ZNF140L ZNF327	Homo sapiens (Human)	478
Q9NR83	reviewed	S2A4R_HUMAN	SLC2A4 regulator (GLUT4 enhancer factor) (GEF) (Huntington disease gene regulatory region-binding protein 1) (HDBP-1)	SLC2A4RG HDBP1	Homo sapiens (Human)	387
Q9NRE2	reviewed	TSH2_HUMAN	Teashirt homolog 2 (Ovarian cancer-related protein 10-2) (OVC10-2) (Zinc finger protein 218)	TSHZ2 C20orf17 TSH2 ZNF218	Homo sapiens (Human)	1034
Q9NSC2	reviewed	SALL1_HUMAN	Sal-like protein 1 (Spalt-like transcription factor 1) (Zinc finger protein 794) (Zinc finger protein SALL1) (Zinc finger protein Spalt-1) (HSal1) (Sal-1)	SALL1 SAL1 ZNF794	Homo sapiens (Human)	1324
Q9NSD4	reviewed	ZN275_HUMAN	Zinc finger protein 275	ZNF275	Homo sapiens (Human)	429
Q9NTW7	reviewed	ZF64B_HUMAN	Zinc finger protein 64 (Zfp-64) (Zinc finger protein 338)	ZFP64 ZNF338	Homo sapiens (Human)	645
Q9NU63	reviewed	ZFP57_HUMAN	Zinc finger protein 57 homolog (Zfp-57) (Zinc finger protein 698)	ZFP57 C6orf40 ZNF698	Homo sapiens (Human)	452
Q9NWS9	reviewed	ZN446_HUMAN	Zinc finger protein 446 (Zinc finger protein with KRAB and SCAN domains 20)	ZNF446 ZKSCAN20	Homo sapiens (Human)	450
Q9NX65	reviewed	ZSC32_HUMAN	Zinc finger and SCAN domain-containing protein 32 (Human cervical cancer suppressor gene 5 protein) (HCCS-5) (Zinc finger protein 434)	ZSCAN32 ZNF434 HCCS5	Homo sapiens (Human)	697
Q9NYW8	reviewed	RBAK_HUMAN	RB-associated KRAB zinc finger protein (RB-associated KRAB repressor) (hRBaK) (Zinc finger protein 769)	RBAK ZNF769	Homo sapiens (Human)	714
Q9NZL3	reviewed	ZN224_HUMAN	Zinc finger protein 224 (Bone marrow zinc finger 2) (BMZF-2) (Zinc finger protein 233) (Zinc finger protein 255) (Zinc finger protein 27) (Zinc finger protein KOX22)	ZNF224 BMZF2 KOX22 ZNF233 ZNF255 ZNF27	Homo sapiens (Human)	707
Q9NZV7	reviewed	ZIM2_HUMAN	Zinc finger imprinted 2 (Zinc finger protein 656)	ZIM2 ZNF656	Homo sapiens (Human)	527
Q9P0J7	reviewed	KCMF1_HUMAN	E3 ubiquitin-protein ligase KCMF1 (EC 2.3.2.27) (FGF-induced in gastric cancer) (Potassium channel modulatory factor) (PCMF) (ZZ-type zinc finger-containing protein 1)	KCMF1 FIGC ZZZ1	Homo sapiens (Human)	381
Q9P0L1	reviewed	ZKSC7_HUMAN	Zinc finger protein with KRAB and SCAN domains 7 (Zinc finger protein 167) (Zinc finger protein 448) (Zinc finger protein 64)	ZKSCAN7 ZNF167 ZNF448 ZNF64	Homo sapiens (Human)	754
Q9P0T4	reviewed	ZN581_HUMAN	Zinc finger protein 581	ZNF581 HSPC189	Homo sapiens (Human)	197
Q9P1Z0	reviewed	ZBTB4_HUMAN	Zinc finger and BTB domain-containing protein 4 (KAISO-like zinc finger protein 1) (KAISO-L1)	ZBTB4 KIAA1538	Homo sapiens (Human)	1013
Q9P243	reviewed	ZFAT_HUMAN	Zinc finger protein ZFAT (Zinc finger gene in AITD susceptibility region) (Zinc finger protein 406)	ZFAT KIAA1485 ZFAT1 ZNF406	Homo sapiens (Human)	1243
Q9P2F9	reviewed	ZN319_HUMAN	Zinc finger protein 319	ZNF319 KIAA1388	Homo sapiens (Human)	582
Q9P2Y4	reviewed	ZN219_HUMAN	Zinc finger protein 219	ZNF219	Homo sapiens (Human)	722
Q9UC07	reviewed	ZNF69_HUMAN	Zinc finger protein 69 (hZNF3)	ZNF69	Homo sapiens (Human)	566
Q9UDV6	reviewed	ZN212_HUMAN	Zinc finger protein 212 (Zinc finger protein C2H2-150)	ZNF212 ZNFC150	Homo sapiens (Human)	495
Q9UEG4	reviewed	ZN629_HUMAN	Zinc finger protein 629 (Zinc finger protein 65)	ZNF629 KIAA0326 ZNF65	Homo sapiens (Human)	869
Q9UFB7	reviewed	ZBT47_HUMAN	Zinc finger and BTB domain-containing protein 47 (Zinc finger protein 651)	ZBTB47 KIAA1190 ZNF651	Homo sapiens (Human)	747
Q9UHF7	reviewed	TRPS1_HUMAN	Zinc finger transcription factor Trps1 (Tricho-rhino-phalangeal syndrome type I protein) (Zinc finger protein GC79)	TRPS1	Homo sapiens (Human)	1281
Q9UHK0	reviewed	NUFP1_HUMAN	FMR1-interacting protein NUFIP1 (Nuclear FMR1-interacting protein 1) (Nuclear FMRP-interacting protein 1)	NUFIP1	Homo sapiens (Human)	495
Q9UID6	reviewed	ZN639_HUMAN	Zinc finger protein 639 (Zinc finger protein ANC_2H01) (Zinc finger protein ZASC1)	ZNF639 ZASC1	Homo sapiens (Human)	485
Q9UIE0	reviewed	ZN230_HUMAN	Zinc finger protein 230 (Zinc finger protein FDZF2)	ZNF230 FDZF2	Homo sapiens (Human)	474
Q9UIH9	reviewed	KLF15_HUMAN	Krueppel-like factor 15 (Kidney-enriched krueppel-like factor)	KLF15 KKLF	Homo sapiens (Human)	416
Q9UJL9	reviewed	ZF69B_HUMAN	Zinc finger protein 69 homolog B (Zinc finger protein 643)	ZFP69B ZNF643	Homo sapiens (Human)	534
Q9UJQ4	reviewed	SALL4_HUMAN	Sal-like protein 4 (Zinc finger protein 797) (Zinc finger protein SALL4)	SALL4 ZNF797	Homo sapiens (Human)	1053
Q9UJW8	reviewed	ZN180_HUMAN	Zinc finger protein 180 (HHZ168)	ZNF180	Homo sapiens (Human)	692
Q9UK33	reviewed	ZN580_HUMAN	Zinc finger protein 580 (LDL-induced EC protein)	ZNF580	Homo sapiens (Human)	172
Q9UKN5	reviewed	PRDM4_HUMAN	PR domain zinc finger protein 4 (EC 2.1.1.-) (PR domain-containing protein 4)	PRDM4 PFM1	Homo sapiens (Human)	801
Q9UKS7	reviewed	IKZF2_HUMAN	Zinc finger protein Helios (Ikaros family zinc finger protein 2)	IKZF2 HELIOS ZNFN1A2	Homo sapiens (Human)	526
Q9UKT9	reviewed	IKZF3_HUMAN	Zinc finger protein Aiolos (Ikaros family zinc finger protein 3)	IKZF3 ZNFN1A3	Homo sapiens (Human)	509
Q9UKY1	reviewed	ZHX1_HUMAN	Zinc fingers and homeoboxes protein 1	ZHX1	Homo sapiens (Human)	873
Q9ULD5	reviewed	ZN777_HUMAN	Zinc finger protein 777	ZNF777 KIAA1285	Homo sapiens (Human)	831
Q9ULJ3	reviewed	ZBT21_HUMAN	Zinc finger and BTB domain-containing protein 21 (Zinc finger protein 295)	ZBTB21 KIAA1227 ZNF295	Homo sapiens (Human)	1066
Q9ULM2	reviewed	ZN490_HUMAN	Zinc finger protein 490	ZNF490 KIAA1198	Homo sapiens (Human)	529
Q9UM63	reviewed	PLAL1_HUMAN	Zinc finger protein PLAGL1 (Lost on transformation 1) (LOT-1) (Pleiomorphic adenoma-like protein 1) (Tumor suppressor ZAC)	PLAGL1 LOT1 ZAC	Homo sapiens (Human)	463
Q9UNI6	reviewed	DUS12_HUMAN	Dual specificity protein phosphatase 12 (EC 3.1.3.16) (EC 3.1.3.48) (Dual specificity tyrosine phosphatase YVH1)	DUSP12	Homo sapiens (Human)	340
Q9UNY5	reviewed	ZN232_HUMAN	Zinc finger protein 232 (Zinc finger and SCAN domain-containing protein 11)	ZNF232 ZSCAN11	Homo sapiens (Human)	444
Q9UPG8	reviewed	PLAL2_HUMAN	Zinc finger protein PLAGL2 (Pleiomorphic adenoma-like protein 2)	PLAGL2 KIAA0198	Homo sapiens (Human)	496
Q9UQR1	reviewed	ZN148_HUMAN	Zinc finger protein 148 (Transcription factor ZBP-89) (Zinc finger DNA-binding protein 89)	ZNF148 ZBP89	Homo sapiens (Human)	794
Q9Y2K1	reviewed	ZBTB1_HUMAN	Zinc finger and BTB domain-containing protein 1	ZBTB1 KIAA0997	Homo sapiens (Human)	713
Q9Y2P0	reviewed	ZN835_HUMAN	Zinc finger protein 835	ZNF835	Homo sapiens (Human)	537
Q9Y2P7	reviewed	ZN256_HUMAN	Zinc finger protein 256 (Bone marrow zinc finger 3) (BMZF-3)	ZNF256 BMZF3	Homo sapiens (Human)	627
Q9Y2X9	reviewed	ZN281_HUMAN	Zinc finger protein 281 (GC-box-binding zinc finger protein 1) (Transcription factor ZBP-99) (Zinc finger DNA-binding protein 99)	ZNF281 GZP1 ZBP99	Homo sapiens (Human)	895
Q9Y2Y4	reviewed	ZBT32_HUMAN	Zinc finger and BTB domain-containing protein 32 (FANCC-interacting protein) (Fanconi anemia zinc finger protein) (Testis zinc finger protein) (Zinc finger protein 538)	ZBTB32 FAZF TZFP ZNF538	Homo sapiens (Human)	487
Q9Y2Y9	reviewed	KLF13_HUMAN	Krueppel-like factor 13 (Basic transcription element-binding protein 3) (BTE-binding protein 3) (Novel Sp1-like zinc finger transcription factor 1) (RANTES factor of late activated T-lymphocytes 1) (RFLAT-1) (Transcription factor BTEB3) (Transcription factor NSLP1)	KLF13 BTEB3 NSLP1	Homo sapiens (Human)	288
Q9Y3M9	reviewed	ZN337_HUMAN	Zinc finger protein 337	ZNF337	Homo sapiens (Human)	751
Q9Y462	reviewed	ZN711_HUMAN	Zinc finger protein 711 (Zinc finger protein 6)	ZNF711 CMPX1 ZNF6	Homo sapiens (Human)	761
Q9Y467	reviewed	SALL2_HUMAN	Sal-like protein 2 (Zinc finger protein 795) (Zinc finger protein SALL2) (Zinc finger protein Spalt-2) (Sal-2) (hSal2)	SALL2 KIAA0360 SAL2 ZNF795	Homo sapiens (Human)	1007
Q9Y473	reviewed	ZN175_HUMAN	Zinc finger protein 175 (Zinc finger protein OTK18)	ZNF175	Homo sapiens (Human)	711
Q9Y4E5	reviewed	ZN451_HUMAN	E3 SUMO-protein ligase ZNF451 (EC 2.3.2.-) (Coactivator for steroid receptors) (E3 SUMO-protein transferase ZNF451) (Zinc finger protein 451)	ZNF451 COASTER KIAA0576 KIAA1702	Homo sapiens (Human)	1061
Q9Y4X4	reviewed	KLF12_HUMAN	Krueppel-like factor 12 (Transcriptional repressor AP-2rep)	KLF12 AP2REP HSPC122	Homo sapiens (Human)	402
Q9Y5A6	reviewed	ZSC21_HUMAN	Zinc finger and SCAN domain-containing protein 21 (Renal carcinoma antigen NY-REN-21) (Zinc finger protein 38 homolog) (Zfp-38)	ZSCAN21 ZFP38 ZNF38	Homo sapiens (Human)	473
Q9Y5W3	reviewed	KLF2_HUMAN	Krueppel-like factor 2 (Lung krueppel-like factor)	KLF2 LKLF	Homo sapiens (Human)	355
Q9Y6X8	reviewed	ZHX2_HUMAN	Zinc fingers and homeoboxes protein 2 (Alpha-fetoprotein regulator 1) (AFP regulator 1) (Regulator of AFP) (Zinc finger and homeodomain protein 2)	ZHX2 AFR1 KIAA0854 RAF	Homo sapiens (Human)	837
A1YPR0	reviewed	ZBT7C_HUMAN	Zinc finger and BTB domain-containing protein 7C (Affected by papillomavirus DNA integration in ME180 cells protein 1) (APM-1) (Zinc finger and BTB domain-containing protein 36) (Zinc finger protein 857C)	ZBTB7C APM1 ZBTB36 ZNF857C	Homo sapiens (Human)	619
A2RRD8	reviewed	ZN320_HUMAN	Zinc finger protein 320	ZNF320	Homo sapiens (Human)	509
O14709	reviewed	ZN197_HUMAN	Zinc finger protein 197 (Zinc finger protein with KRAB and SCAN domains 9) (ZnF20) (pVHL-associated KRAB domain-containing protein)	ZNF197 ZKSCAN9 ZNF166	Homo sapiens (Human)	1029
O14753	reviewed	OVOL1_HUMAN	Putative transcription factor Ovo-like 1 (hOvo1)	OVOL1	Homo sapiens (Human)	267
O15090	reviewed	ZN536_HUMAN	Zinc finger protein 536	ZNF536 KIAA0390	Homo sapiens (Human)	1300
O43345	reviewed	ZN208_HUMAN	Zinc finger protein 208 (Zinc finger protein 91-like)	ZNF208 ZNF91L	Homo sapiens (Human)	1280
O60765	reviewed	Z354A_HUMAN	Zinc finger protein 354A (Transcription factor 17) (TCF-17) (Zinc finger protein eZNF)	ZNF354A EZNF HKL1 TCF17	Homo sapiens (Human)	605
O75123	reviewed	ZN623_HUMAN	Zinc finger protein 623	ZNF623 KIAA0628	Homo sapiens (Human)	536
O75346	reviewed	ZN253_HUMAN	Zinc finger protein 253 (Bone marrow zinc finger 1) (BMZF-1) (Zinc finger protein 411)	ZNF253 BMZF1 ZNF411	Homo sapiens (Human)	499
O75437	reviewed	ZN254_HUMAN	Zinc finger protein 254 (Bone marrow zinc finger 5) (BMZF-5) (Hematopoietic cell-derived zinc finger protein 1) (HD-ZNF1) (Zinc finger protein 539) (Zinc finger protein 91-like)	ZNF254 BMZF5 ZNF539 ZNF91L	Homo sapiens (Human)	659
O75541	reviewed	ZN821_HUMAN	Zinc finger protein 821	ZNF821	Homo sapiens (Human)	412
O75820	reviewed	ZN189_HUMAN	Zinc finger protein 189	ZNF189	Homo sapiens (Human)	626
O95625	reviewed	ZBT11_HUMAN	Zinc finger and BTB domain-containing protein 11	ZBTB11	Homo sapiens (Human)	1053
O95780	reviewed	ZN682_HUMAN	Zinc finger protein 682	ZNF682	Homo sapiens (Human)	498
P10072	reviewed	ZN875_HUMAN	Zinc finger protein 875 (Krueppel-related zinc finger protein 1) (Protein HKR1)	ZNF875 HKR1	Homo sapiens (Human)	659
P15621	reviewed	ZNF44_HUMAN	Zinc finger protein 44 (Gonadotropin-inducible ovary transcription repressor 2) (GIOT-2) (Zinc finger protein 55) (Zinc finger protein 58) (Zinc finger protein KOX7)	ZNF44 GIOT2 KOX7 ZNF55 ZNF58	Homo sapiens (Human)	663
P17019	reviewed	ZN708_HUMAN	Zinc finger protein 708 (Zinc finger protein 15) (Zinc finger protein 15-like 1) (Zinc finger protein KOX8)	ZNF708 KOX8 ZNF15 ZNF15L1	Homo sapiens (Human)	563
P17025	reviewed	ZN182_HUMAN	Zinc finger protein 182 (Zinc finger protein 21) (Zinc finger protein KOX14)	ZNF182 KOX14 ZNF21	Homo sapiens (Human)	639
P17026	reviewed	ZNF22_HUMAN	Zinc finger protein 22 (Zinc finger protein KOX15) (Zinc finger protein Krox-26)	ZNF22 KOX15 KROX26	Homo sapiens (Human)	224
P17029	reviewed	ZKSC1_HUMAN	Zinc finger protein with KRAB and SCAN domains 1 (Zinc finger protein 139) (Zinc finger protein 36) (Zinc finger protein KOX18)	ZKSCAN1 KOX18 ZNF139 ZNF36	Homo sapiens (Human)	563
P17030	reviewed	ZNF25_HUMAN	Zinc finger protein 25 (Zinc finger protein KOX19)	ZNF25 KOX19	Homo sapiens (Human)	456
P17031	reviewed	ZNF26_HUMAN	Zinc finger protein 26 (Zinc finger protein KOX20)	ZNF26 KOX20	Homo sapiens (Human)	533
P17032	reviewed	ZN37A_HUMAN	Zinc finger protein 37A (Zinc finger protein KOX21)	ZNF37A KOX21 ZNF37	Homo sapiens (Human)	561
P17035	reviewed	ZNF28_HUMAN	Zinc finger protein 28 (Zinc finger protein KOX24)	ZNF28 KOX24	Homo sapiens (Human)	718
P17038	reviewed	ZNF43_HUMAN	Zinc finger protein 43 (Zinc finger protein 39) (Zinc finger protein HTF6) (Zinc finger protein KOX27)	ZNF43 KOX27 ZNF39 ZNF39L1	Homo sapiens (Human)	809
P17039	reviewed	ZNF30_HUMAN	Zinc finger protein 30 (Zinc finger protein KOX28)	ZNF30 KOX28	Homo sapiens (Human)	623
P17097	reviewed	ZNF7_HUMAN	Zinc finger protein 7 (Zinc finger protein HF.16) (Zinc finger protein KOX4)	ZNF7 KOX4	Homo sapiens (Human)	686
P17098	reviewed	ZNF8_HUMAN	Zinc finger protein 8 (Zinc finger protein HF.18)	ZNF8	Homo sapiens (Human)	575
P21506	reviewed	ZNF10_HUMAN	Zinc finger protein 10 (Zinc finger protein KOX1)	ZNF10 KOX1	Homo sapiens (Human)	573
P51504	reviewed	ZNF80_HUMAN	Zinc finger protein 80 (ZNFpT17)	ZNF80	Homo sapiens (Human)	273
P51508	reviewed	ZNF81_HUMAN	Zinc finger protein 81 (HFZ20)	ZNF81	Homo sapiens (Human)	661
P51522	reviewed	ZNF83_HUMAN	Zinc finger protein 83 (Zinc finger protein 816B) (Zinc finger protein HPF1)	ZNF83 ZNF816B	Homo sapiens (Human)	516
P51523	reviewed	ZNF84_HUMAN	Zinc finger protein 84 (Zinc finger protein HPF2)	ZNF84	Homo sapiens (Human)	738
P51815	reviewed	ZN75D_HUMAN	Zinc finger protein 75D (Zinc finger protein 75) (Zinc finger protein 82)	ZNF75D ZNF75 ZNF82	Homo sapiens (Human)	510
P52737	reviewed	ZN136_HUMAN	Zinc finger protein 136	ZNF136	Homo sapiens (Human)	540
P52741	reviewed	ZN134_HUMAN	Zinc finger protein 134	ZNF134	Homo sapiens (Human)	427
P52746	reviewed	ZN142_HUMAN	Zinc finger protein 142	ZNF142 KIAA0236	Homo sapiens (Human)	1687
P58317	reviewed	ZN121_HUMAN	Zinc finger protein 121 (Zinc finger protein 20)	ZNF121 ZNF20	Homo sapiens (Human)	390
P98169	reviewed	ZXDB_HUMAN	Zinc finger X-linked protein ZXDB	ZXDB	Homo sapiens (Human)	803
P98182	reviewed	ZN200_HUMAN	Zinc finger protein 200	ZNF200 ZNFMF	Homo sapiens (Human)	395
Q02386	reviewed	ZNF45_HUMAN	Zinc finger protein 45 (BRC1744) (Zinc finger protein 13) (Zinc finger protein KOX5)	ZNF45 KOX5 ZNF13	Homo sapiens (Human)	682
Q03936	reviewed	ZNF92_HUMAN	Zinc finger protein 92 (Zinc finger protein HTF12)	ZNF92	Homo sapiens (Human)	586
Q06732	reviewed	ZN33B_HUMAN	Zinc finger protein 33B (Zinc finger protein 11B) (Zinc finger protein KOX2)	ZNF33B KOX2 ZNF11B	Homo sapiens (Human)	778
Q08ER8	reviewed	ZN543_HUMAN	Zinc finger protein 543	ZNF543	Homo sapiens (Human)	600
Q0D2J5	reviewed	ZN763_HUMAN	Zinc finger protein 763	ZNF763	Homo sapiens (Human)	394
Q12901	reviewed	ZN155_HUMAN	Zinc finger protein 155	ZNF155	Homo sapiens (Human)	538
Q13106	reviewed	ZN154_HUMAN	Zinc finger protein 154	ZNF154 KIAA2003	Homo sapiens (Human)	437
Q14590	reviewed	ZN235_HUMAN	Zinc finger protein 235 (Zinc finger protein 270) (Zinc finger protein 93 homolog) (Zfp-93) (Zinc finger protein HZF6)	ZNF235 ZFP93 ZNF270	Homo sapiens (Human)	738
Q14593	reviewed	ZN273_HUMAN	Zinc finger protein 273 (Zinc finger protein HZF9)	ZNF273	Homo sapiens (Human)	569
Q15935	reviewed	ZNF77_HUMAN	Zinc finger protein 77 (ZNFpT1)	ZNF77	Homo sapiens (Human)	545
Q15937	reviewed	ZNF79_HUMAN	Zinc finger protein 79 (ZNFpT7)	ZNF79	Homo sapiens (Human)	498
Q2M3X9	reviewed	ZN674_HUMAN	Zinc finger protein 674	ZNF674	Homo sapiens (Human)	581
Q32M78	reviewed	ZN699_HUMAN	Zinc finger protein 699 (Hangover homolog)	ZNF699	Homo sapiens (Human)	642
Q3SY52	reviewed	ZIK1_HUMAN	Zinc finger protein interacting with ribonucleoprotein K (Zinc finger protein 762)	ZIK1 ZNF762	Homo sapiens (Human)	487
Q3ZCT1	reviewed	ZN260_HUMAN	Zinc finger protein 260 (Zfp-260)	ZNF260 ZFP260	Homo sapiens (Human)	412
Q3ZCX4	reviewed	ZN568_HUMAN	Zinc finger protein 568	ZNF568	Homo sapiens (Human)	644
Q53GI3	reviewed	ZN394_HUMAN	Zinc finger protein 394 (Zinc finger protein with KRAB and SCAN domains 14)	ZNF394 ZKSCAN14	Homo sapiens (Human)	561
Q5FWF6	reviewed	ZN789_HUMAN	Zinc finger protein 789	ZNF789	Homo sapiens (Human)	425
Q5JT82	reviewed	KLF17_HUMAN	Krueppel-like factor 17 (Zinc finger protein 393)	KLF17 ZNF393	Homo sapiens (Human)	389
Q5TC79	reviewed	ZBT37_HUMAN	Zinc finger and BTB domain-containing protein 37	ZBTB37	Homo sapiens (Human)	503
Q5TYW1	reviewed	ZN658_HUMAN	Zinc finger protein 658	ZNF658	Homo sapiens (Human)	1059
Q5VV52	reviewed	ZN691_HUMAN	Zinc finger protein 691	ZNF691	Homo sapiens (Human)	315
Q63HK3	reviewed	ZKSC2_HUMAN	Zinc finger protein with KRAB and SCAN domains 2 (Zinc finger protein 694)	ZKSCAN2 ZNF694	Homo sapiens (Human)	967
Q68DY1	reviewed	ZN626_HUMAN	Zinc finger protein 626	ZNF626	Homo sapiens (Human)	528
Q6AZW8	reviewed	ZN660_HUMAN	Zinc finger protein 660	ZNF660	Homo sapiens (Human)	331
Q6ECI4	reviewed	ZN470_HUMAN	Zinc finger protein 470 (Chondrogenesis zinc finger protein 1) (CZF-1)	ZNF470 CZF1	Homo sapiens (Human)	717
Q6IQ32	reviewed	ADNP2_HUMAN	Activity-dependent neuroprotector homeobox protein 2 (ADNP homeobox protein 2) (Zinc finger protein 508)	ADNP2 KIAA0863 ZNF508	Homo sapiens (Human)	1131
Q6IV72	reviewed	ZN425_HUMAN	Zinc finger protein 425	ZNF425	Homo sapiens (Human)	752
Q6NSZ9	reviewed	ZSC25_HUMAN	Zinc finger and SCAN domain-containing protein 25 (Zinc finger protein 498)	ZSCAN25 ZNF498	Homo sapiens (Human)	544
Q6PF04	reviewed	ZN613_HUMAN	Zinc finger protein 613	ZNF613	Homo sapiens (Human)	617
Q6ZN11	reviewed	ZN793_HUMAN	Zinc finger protein 793	ZNF793	Homo sapiens (Human)	406
Q6ZR52	reviewed	ZN493_HUMAN	Zinc finger protein 493	ZNF493	Homo sapiens (Human)	646
Q6ZS27	reviewed	ZN662_HUMAN	Zinc finger protein 662	ZNF662	Homo sapiens (Human)	426
Q7L3S4	reviewed	ZN771_HUMAN	Zinc finger protein 771 (Mesenchymal stem cell protein DSC43)	ZNF771	Homo sapiens (Human)	317
Q7RTV3	reviewed	ZN367_HUMAN	Zinc finger protein 367 (C2H2 zinc finger protein ZFF29)	ZNF367 ZFF29	Homo sapiens (Human)	350
Q7Z2T5	reviewed	TRM1L_HUMAN	TRMT1-like protein (EC 2.1.1.-)	TRMT1L C1orf25 TRM1L MSTP070	Homo sapiens (Human)	733
Q7Z340	reviewed	ZN551_HUMAN	Zinc finger protein 551 (Zinc finger protein KOX23)	ZNF551 KOX23	Homo sapiens (Human)	670
Q7Z398	reviewed	ZN550_HUMAN	Zinc finger protein 550	ZNF550	Homo sapiens (Human)	422
Q7Z7L9	reviewed	ZSCA2_HUMAN	Zinc finger and SCAN domain-containing protein 2 (Zinc finger protein 29 homolog) (Zfp-29) (Zinc finger protein 854)	ZSCAN2 ZFP29 ZNF854	Homo sapiens (Human)	614
Q86TJ5	reviewed	ZN554_HUMAN	Zinc finger protein 554	ZNF554	Homo sapiens (Human)	538
Q86UE3	reviewed	ZN546_HUMAN	Zinc finger protein 546 (Zinc finger protein 49)	ZNF546 ZNF49	Homo sapiens (Human)	836
Q86W11	reviewed	ZSC30_HUMAN	Zinc finger and SCAN domain-containing protein 30 (ZNF-WYM) (Zinc finger protein 397 opposite strand) (Zinc finger protein 397OS)	ZSCAN30 ZNF397OS	Homo sapiens (Human)	494
Q86YE8	reviewed	ZN573_HUMAN	Zinc finger protein 573	ZNF573	Homo sapiens (Human)	665
Q86YH2	reviewed	Z280B_HUMAN	Zinc finger protein 280B (5'OY11.1) (Suppressor of hairy wing homolog 2) (Zinc finger protein 279) (Zinc finger protein 632)	ZNF280B SUHW2 ZNF279 ZNF632	Homo sapiens (Human)	543
Q8IW36	reviewed	ZN695_HUMAN	Zinc finger protein 695 (Zinc finger protein SBZF3)	ZNF695	Homo sapiens (Human)	515
Q8IWY8	reviewed	ZSC29_HUMAN	Zinc finger and SCAN domain-containing protein 29 (Zinc finger protein 690)	ZSCAN29 ZNF690	Homo sapiens (Human)	852
Q8IXZ3	reviewed	SP8_HUMAN	Transcription factor Sp8 (Specificity protein 8)	SP8	Homo sapiens (Human)	490
Q8IYX0	reviewed	ZN679_HUMAN	Zinc finger protein 679	ZNF679	Homo sapiens (Human)	411
Q8IZ26	reviewed	ZNF34_HUMAN	Zinc finger protein 34 (Zinc finger protein KOX32)	ZNF34 KOX32	Homo sapiens (Human)	560
Q8N143	reviewed	BCL6B_HUMAN	B-cell CLL/lymphoma 6 member B protein (Bcl6-associated zinc finger protein) (Zinc finger protein 62)	BCL6B BAZF ZNF62	Homo sapiens (Human)	479
Q8N184	reviewed	ZN567_HUMAN	Zinc finger protein 567	ZNF567	Homo sapiens (Human)	647
Q8N3J9	reviewed	ZN664_HUMAN	Zinc finger protein 664 (Zinc finger protein 176) (Zinc finger protein from organ of Corti)	ZNF664 ZFOC1 ZNF176	Homo sapiens (Human)	261
Q8N7K0	reviewed	ZN433_HUMAN	Zinc finger protein 433	ZNF433	Homo sapiens (Human)	673
Q8N7M2	reviewed	ZN283_HUMAN	Zinc finger protein 283 (Zinc finger protein HZF19)	ZNF283	Homo sapiens (Human)	679
Q8N823	reviewed	ZN611_HUMAN	Zinc finger protein 611	ZNF611	Homo sapiens (Human)	705
Q8N859	reviewed	ZN713_HUMAN	Zinc finger protein 713	ZNF713	Homo sapiens (Human)	443
Q8N883	reviewed	ZN614_HUMAN	Zinc finger protein 614	ZNF614	Homo sapiens (Human)	585
Q8N8J6	reviewed	ZN615_HUMAN	Zinc finger protein 615	ZNF615	Homo sapiens (Human)	731
Q8N8L2	reviewed	ZN491_HUMAN	Zinc finger protein 491	ZNF491	Homo sapiens (Human)	437
Q8N8Y5	reviewed	ZFP41_HUMAN	Zinc finger protein 41 homolog (Zfp-41)	ZFP41	Homo sapiens (Human)	198
Q8N8Z8	reviewed	ZN441_HUMAN	Zinc finger protein 441	ZNF441	Homo sapiens (Human)	693
Q8N988	reviewed	ZN557_HUMAN	Zinc finger protein 557	ZNF557	Homo sapiens (Human)	423
Q8N9L1	reviewed	ZIC4_HUMAN	Zinc finger protein ZIC 4 (Zinc finger protein of the cerebellum 4)	ZIC4	Homo sapiens (Human)	334
Q8N9Z0	reviewed	ZN610_HUMAN	Zinc finger protein 610	ZNF610	Homo sapiens (Human)	462
Q8NAF0	reviewed	ZN579_HUMAN	Zinc finger protein 579	ZNF579	Homo sapiens (Human)	562
Q8NCA9	reviewed	ZN784_HUMAN	Zinc finger protein 784	ZNF784	Homo sapiens (Human)	323
Q8NCK3	reviewed	ZN485_HUMAN	Zinc finger protein 485	ZNF485	Homo sapiens (Human)	441
Q8NCN2	reviewed	ZBT34_HUMAN	Zinc finger and BTB domain-containing protein 34	ZBTB34 KIAA1993	Homo sapiens (Human)	500
Q8NDX6	reviewed	ZN740_HUMAN	Zinc finger protein 740 (OriLyt TD-element-binding protein 7)	ZNF740 TB7	Homo sapiens (Human)	193
Q8NEP9	reviewed	ZN555_HUMAN	Zinc finger protein 555	ZNF555	Homo sapiens (Human)	628
Q8NHY6	reviewed	ZFP28_HUMAN	Zinc finger protein 28 homolog (Zfp-28) (Krueppel-like zinc finger factor X6)	ZFP28 KIAA1431	Homo sapiens (Human)	868
Q8TAF7	reviewed	ZN461_HUMAN	Zinc finger protein 461 (Gonadotropin-inducible ovary transcription repressor 1) (GIOT-1)	ZNF461 GIOT1	Homo sapiens (Human)	563
Q8TAQ5	reviewed	ZN420_HUMAN	Zinc finger protein 420	ZNF420	Homo sapiens (Human)	688
Q8TBZ5	reviewed	ZN502_HUMAN	Zinc finger protein 502	ZNF502	Homo sapiens (Human)	544
Q8TC21	reviewed	ZN596_HUMAN	Zinc finger protein 596	ZNF596	Homo sapiens (Human)	504
Q8TD94	reviewed	KLF14_HUMAN	Krueppel-like factor 14 (Basic transcription element-binding protein 5) (BTE-binding protein 5) (Transcription factor BTEB5)	KLF14 BTEB5	Homo sapiens (Human)	323
Q8TF39	reviewed	ZN483_HUMAN	Zinc finger protein 483 (Zinc finger protein with KRAB and SCAN domains 16)	ZNF483 KIAA1962 ZKSCAN16	Homo sapiens (Human)	744
Q8TF45	reviewed	ZN418_HUMAN	Zinc finger protein 418	ZNF418 KIAA1956	Homo sapiens (Human)	676
Q8TF68	reviewed	ZN384_HUMAN	Zinc finger protein 384 (CAG repeat protein 1) (CAS-interacting zinc finger protein) (Nuclear matrix transcription factor 4) (Nuclear matrix protein 4) (Trinucleotide repeat-containing gene 1 protein)	ZNF384 CAGH1 CIZ NMP4 TNRC1	Homo sapiens (Human)	577
Q8WXB4	reviewed	ZN606_HUMAN	Zinc finger protein 606 (Zinc finger protein 328)	ZNF606 KIAA1852 ZNF328	Homo sapiens (Human)	792
Q92610	reviewed	ZN592_HUMAN	Zinc finger protein 592	ZNF592 KIAA0211	Homo sapiens (Human)	1267
Q92664	reviewed	TF3A_HUMAN	Transcription factor IIIA (TFIIIA)	GTF3A	Homo sapiens (Human)	365
Q969W8	reviewed	ZN566_HUMAN	Zinc finger protein 566	ZNF566	Homo sapiens (Human)	418
Q96BV0	reviewed	ZN775_HUMAN	Zinc finger protein 775	ZNF775	Homo sapiens (Human)	537
Q96C28	reviewed	ZN707_HUMAN	Zinc finger protein 707	ZNF707	Homo sapiens (Human)	371
Q96CX3	reviewed	ZN501_HUMAN	Zinc finger protein 501 (Zinc finger protein 52)	ZNF501 ZNF52	Homo sapiens (Human)	271
Q96HQ0	reviewed	ZN419_HUMAN	Zinc finger protein 419	ZNF419 ZNF419A	Homo sapiens (Human)	510
Q96JC4	reviewed	ZN479_HUMAN	Zinc finger protein 479 (Zinc finger protein Kr19) (HKr19)	ZNF479	Homo sapiens (Human)	524
Q96K62	reviewed	ZBT45_HUMAN	Zinc finger and BTB domain-containing protein 45 (Zinc finger protein 499)	ZBTB45 ZNF499	Homo sapiens (Human)	511
Q96LW9	reviewed	ZSC31_HUMAN	Zinc finger and SCAN domain-containing protein 31 (Zinc finger protein 323)	ZSCAN31 ZNF310P ZNF323	Homo sapiens (Human)	406
Q96N38	reviewed	ZN714_HUMAN	Zinc finger protein 714	ZNF714	Homo sapiens (Human)	554
Q96NL3	reviewed	ZN599_HUMAN	Zinc finger protein 599	ZNF599	Homo sapiens (Human)	588
Q96PE6	reviewed	ZIM3_HUMAN	Zinc finger imprinted 3 (Zinc finger protein 657)	ZIM3 ZNF657	Homo sapiens (Human)	472
Q96SE7	reviewed	ZN347_HUMAN	Zinc finger protein 347 (Zinc finger protein 1111)	ZNF347 ZNF1111	Homo sapiens (Human)	839
Q96SK3	reviewed	ZN607_HUMAN	Zinc finger protein 607	ZNF607	Homo sapiens (Human)	696
Q96SL8	reviewed	FIZ1_HUMAN	Flt3-interacting zinc finger protein 1 (Zinc finger protein 798)	FIZ1 ZNF798	Homo sapiens (Human)	496
Q96SR6	reviewed	ZN382_HUMAN	Zinc finger protein 382 (KRAB/zinc finger suppressor protein 1) (KS1) (Multiple zinc finger and krueppel-associated box protein KS1)	ZNF382	Homo sapiens (Human)	550
Q96T92	reviewed	INSM2_HUMAN	Insulinoma-associated protein 2 (Zinc finger protein IA-6)	INSM2 IA6 Nbla106	Homo sapiens (Human)	566
Q9BR84	reviewed	ZN559_HUMAN	Zinc finger protein 559	ZNF559	Homo sapiens (Human)	538
Q9BSK1	reviewed	ZN577_HUMAN	Zinc finger protein 577	ZNF577	Homo sapiens (Human)	485
Q9BUG6	reviewed	ZSA5A_HUMAN	Zinc finger and SCAN domain-containing protein 5A (Zinc finger protein 495)	ZSCAN5A ZNF495 ZSCAN5	Homo sapiens (Human)	496
Q9BX82	reviewed	ZN471_HUMAN	Zinc finger protein 471 (EZFIT-related protein 1)	ZNF471 ERP1 KIAA1396	Homo sapiens (Human)	626
Q9BXA9	reviewed	SALL3_HUMAN	Sal-like protein 3 (Zinc finger protein 796) (Zinc finger protein SALL3) (hSALL3)	SALL3 ZNF796	Homo sapiens (Human)	1300
Q9BXK1	reviewed	KLF16_HUMAN	Krueppel-like factor 16 (Basic transcription element-binding protein 4) (BTE-binding protein 4) (Novel Sp1-like zinc finger transcription factor 2) (Transcription factor BTEB4) (Transcription factor NSLP2)	KLF16 BTEB4 NSLP2	Homo sapiens (Human)	252
Q9H609	reviewed	ZN576_HUMAN	Zinc finger protein 576	ZNF576	Homo sapiens (Human)	170
Q9H7R0	reviewed	ZN442_HUMAN	Zinc finger protein 442	ZNF442	Homo sapiens (Human)	627
Q9HCG1	reviewed	ZN160_HUMAN	Zinc finger protein 160 (Zinc finger protein HZF5) (Zinc finger protein Kr18) (HKr18)	ZNF160 KIAA1611	Homo sapiens (Human)	818
Q9NQ03	reviewed	SCRT2_HUMAN	Transcriptional repressor scratch 2 (Scratch homolog 2 zinc finger protein)	SCRT2 FP7030	Homo sapiens (Human)	307
Q9NQX6	reviewed	ZN331_HUMAN	Zinc finger protein 331 (C2H2-like zinc finger protein rearranged in thyroid adenomas) (Zinc finger protein 361) (Zinc finger protein 463)	ZNF331 RITA ZNF361 ZNF463	Homo sapiens (Human)	463
Q9NRM2	reviewed	ZN277_HUMAN	Zinc finger protein 277 (Nuclear receptor-interacting factor 4)	ZNF277 NRIF4 ZNF277P	Homo sapiens (Human)	450
Q9NUA8	reviewed	ZBT40_HUMAN	Zinc finger and BTB domain-containing protein 40	ZBTB40 KIAA0478	Homo sapiens (Human)	1239
Q9NV72	reviewed	ZN701_HUMAN	Zinc finger protein 701	ZNF701	Homo sapiens (Human)	531
Q9P2J8	reviewed	ZN624_HUMAN	Zinc finger protein 624	ZNF624 KIAA1349	Homo sapiens (Human)	865
Q9UDV7	reviewed	ZN282_HUMAN	Zinc finger protein 282 (HTLV-I U5RE-binding protein 1) (HUB-1)	ZNF282 HUB1	Homo sapiens (Human)	671
Q9UJU3	reviewed	ZN112_HUMAN	Zinc finger protein 112 (Zfp-112) (Zinc finger protein 228)	ZNF112 ZFP112 ZNF228	Homo sapiens (Human)	913
Q9UJW7	reviewed	ZN229_HUMAN	Zinc finger protein 229	ZNF229	Homo sapiens (Human)	825
Q9UK11	reviewed	ZN223_HUMAN	Zinc finger protein 223	ZNF223	Homo sapiens (Human)	482
Q9UK13	reviewed	ZN221_HUMAN	Zinc finger protein 221	ZNF221	Homo sapiens (Human)	617
Q9UKJ3	reviewed	GPTC8_HUMAN	G patch domain-containing protein 8	GPATCH8 GPATC8 KIAA0553	Homo sapiens (Human)	1502
Q9UL36	reviewed	ZN236_HUMAN	Zinc finger protein 236	ZNF236	Homo sapiens (Human)	1845
Q9UL58	reviewed	ZN215_HUMAN	Zinc finger protein 215 (BWSCR2-associated zinc finger protein 2) (BAZ-2) (Zinc finger protein with KRAB and SCAN domains 11)	ZNF215 BAZ2 ZKSCAN11	Homo sapiens (Human)	517
Q9Y2A4	reviewed	ZN443_HUMAN	Zinc finger protein 443 (Krueppel-type zinc finger protein ZK1)	ZNF443	Homo sapiens (Human)	671
Q9Y2D9	reviewed	ZN652_HUMAN	Zinc finger protein 652	ZNF652 KIAA0924	Homo sapiens (Human)	606
Q9Y2H8	reviewed	ZN510_HUMAN	Zinc finger protein 510	ZNF510 KIAA0972	Homo sapiens (Human)	683
Q9Y2L8	reviewed	ZKSC5_HUMAN	Zinc finger protein with KRAB and SCAN domains 5 (Zinc finger protein 95 homolog) (Zfp-95)	ZKSCAN5 KIAA1015 ZFP95	Homo sapiens (Human)	839
Q9Y2Q1	reviewed	ZN257_HUMAN	Zinc finger protein 257 (Bone marrow zinc finger 4) (BMZF-4)	ZNF257 BMZF4	Homo sapiens (Human)	563
Q9Y330	reviewed	ZBT12_HUMAN	Zinc finger and BTB domain-containing protein 12 (Protein G10)	ZBTB12 C6orf46 G10 NG35	Homo sapiens (Human)	459
Q9Y6Q3	reviewed	ZFP37_HUMAN	Zinc finger protein 37 homolog (Zfp-37)	ZFP37	Homo sapiens (Human)	630
A6NDX5	reviewed	ZN840_HUMAN	Putative zinc finger protein 840 (Zinc finger protein 840 pseudogene)	ZNF840P C20orf157 ZNF840	Homo sapiens (Human)	716
A6NFI3	reviewed	ZN316_HUMAN	Zinc finger protein 316	ZNF316	Homo sapiens (Human)	1004
A6NGD5	reviewed	ZSA5C_HUMAN	Zinc finger and SCAN domain-containing protein 5C (Zinc finger and SCAN domain-containing protein 5C pseudogene)	ZSCAN5C ZSCAN5CP	Homo sapiens (Human)	496
A6NHJ4	reviewed	ZN860_HUMAN	Zinc finger protein 860	ZNF860	Homo sapiens (Human)	632
A6NJL1	reviewed	ZSA5B_HUMAN	Zinc finger and SCAN domain-containing protein 5B	ZSCAN5B	Homo sapiens (Human)	495
A6NK53	reviewed	ZN233_HUMAN	Zinc finger protein 233	ZNF233	Homo sapiens (Human)	670
A6NK75	reviewed	ZNF98_HUMAN	Zinc finger protein 98 (Zinc finger protein 739) (Zinc finger protein F7175)	ZNF98 ZNF739	Homo sapiens (Human)	572
A6NM28	reviewed	ZFP92_HUMAN	Zinc finger protein 92 homolog (Zfp-92)	ZFP92	Homo sapiens (Human)	416
A6NN14	reviewed	ZN729_HUMAN	Zinc finger protein 729	ZNF729	Homo sapiens (Human)	1252
A6NNF4	reviewed	ZN726_HUMAN	Zinc finger protein 726	ZNF726	Homo sapiens (Human)	616
A6NP11	reviewed	ZN716_HUMAN	Zinc finger protein 716	ZNF716	Homo sapiens (Human)	495
A8K0R7	reviewed	ZN839_HUMAN	Zinc finger protein 839 (Renal carcinoma antigen NY-REN-50)	ZNF839 C14orf131	Homo sapiens (Human)	811
A8MUV8	reviewed	ZN727_HUMAN	Putative zinc finger protein 727 (Zinc finger protein 727 pseudogene)	ZNF727 ZNF727P	Homo sapiens (Human)	499
A8MWA4	reviewed	Z705E_HUMAN	Putative zinc finger protein 705EP (zinc finger protein 705E pseudogene)	ZNF705EP ZNF705E	Homo sapiens (Human)	300
A8MXY4	reviewed	ZNF99_HUMAN	Zinc finger protein 99	ZNF99 C19orf9	Homo sapiens (Human)	864
B1APH4	reviewed	ZN487_HUMAN	Putative zinc finger protein 487 (KRAB domain only protein 1)	ZNF487 KRBO1 ZNF487P	Homo sapiens (Human)	448
B4DU55	reviewed	ZN879_HUMAN	Zinc finger protein 879	ZNF879	Homo sapiens (Human)	563
E7ETH6	reviewed	Z587B_HUMAN	Zinc finger protein 587B	ZNF587B	Homo sapiens (Human)	402
O00110	reviewed	OVOL3_HUMAN	Putative transcription factor ovo-like protein 3	OVOL3	Homo sapiens (Human)	190
O43361	reviewed	ZN749_HUMAN	Zinc finger protein 749	ZNF749	Homo sapiens (Human)	778
O75290	reviewed	Z780A_HUMAN	Zinc finger protein 780A	ZNF780A	Homo sapiens (Human)	641
O75373	reviewed	ZN737_HUMAN	Zinc finger protein 737 (Zinc finger protein 102)	ZNF737 ZNF102	Homo sapiens (Human)	536
O75467	reviewed	Z324A_HUMAN	Zinc finger protein 324A (Zinc finger protein ZF5128)	ZNF324 ZNF324A	Homo sapiens (Human)	553
P0CB33	reviewed	ZN735_HUMAN	Putative zinc finger protein 735 (Zinc finger protein 735 pseudogene)	ZNF735 ZNF735P	Homo sapiens (Human)	412
P0CG00	reviewed	ZSA5D_HUMAN	Putative zinc finger and SCAN domain-containing protein 5D (Zinc finger and SCAN domain-containing protein 5D pseudogene)	ZSCAN5DP ZSCAN5D	Homo sapiens (Human)	497
P0CG31	reviewed	Z286B_HUMAN	Putative zinc finger protein 286B	ZNF286B ZNF286C ZNF286L	Homo sapiens (Human)	522
P0CG40	reviewed	SP9_HUMAN	Transcription factor Sp9	SP9	Homo sapiens (Human)	484
P0CH99	reviewed	Z705D_HUMAN	Zinc finger protein 705D	ZNF705D	Homo sapiens (Human)	300
P0CJ79	reviewed	ZN888_HUMAN	Zinc finger protein 888	ZNF888	Homo sapiens (Human)	718
P10075	reviewed	GLI4_HUMAN	Zinc finger protein GLI4 (Krueppel-related zinc finger protein 4) (Protein HKR4)	GLI4 HKR4	Homo sapiens (Human)	376
P16415	reviewed	ZN823_HUMAN	Zinc finger protein 823 (Zinc finger protein ZFP-36)	ZNF823 ZFP36	Homo sapiens (Human)	610
P17017	reviewed	ZNF14_HUMAN	Zinc finger protein 14 (Gonadotropin-inducible ovary transcription repressor 4) (GIOT-4) (Zinc finger protein KOX6)	ZNF14 GIOT4 KOX6	Homo sapiens (Human)	642
P51786	reviewed	ZN157_HUMAN	Zinc finger protein 157 (Zinc finger protein HZF22)	ZNF157	Homo sapiens (Human)	506
P52740	reviewed	ZN132_HUMAN	Zinc finger protein 132	ZNF132	Homo sapiens (Human)	706
P52743	reviewed	ZN137_HUMAN	Putative zinc finger protein 137 (Zinc finger protein 137 pseudogene)	ZNF137P ZNF137	Homo sapiens (Human)	207
Q03924	reviewed	ZN117_HUMAN	Zinc finger protein 117 (Provirus-linked krueppel) (h-PLK) (Zinc finger protein HPF9)	ZNF117	Homo sapiens (Human)	483
Q03938	reviewed	ZNF90_HUMAN	Zinc finger protein 90 (Zinc finger protein HTF9)	ZNF90	Homo sapiens (Human)	601
Q08AN1	reviewed	ZN616_HUMAN	Zinc finger protein 616	ZNF616	Homo sapiens (Human)	781
Q0VGE8	reviewed	ZN816_HUMAN	Zinc finger protein 816	ZNF816 ZNF816A	Homo sapiens (Human)	651
Q14586	reviewed	ZN267_HUMAN	Zinc finger protein 267 (Zinc finger protein HZF2)	ZNF267	Homo sapiens (Human)	743
Q14588	reviewed	ZN234_HUMAN	Zinc finger protein 234 (Zinc finger protein 269) (Zinc finger protein HZF4)	ZNF234 ZNF269	Homo sapiens (Human)	700
Q147U1	reviewed	ZN846_HUMAN	Zinc finger protein 846	ZNF846	Homo sapiens (Human)	533
Q2M218	reviewed	ZN630_HUMAN	Zinc finger protein 630	ZNF630	Homo sapiens (Human)	657
Q2M3W8	reviewed	ZN181_HUMAN	Zinc finger protein 181 (HHZ181)	ZNF181	Homo sapiens (Human)	571
Q2TB10	reviewed	ZN800_HUMAN	Zinc finger protein 800	ZNF800 PP902	Homo sapiens (Human)	664
Q2VY69	reviewed	ZN284_HUMAN	Zinc finger protein 284	ZNF284 ZNF284L	Homo sapiens (Human)	593
Q3KNW1	reviewed	SNAI3_HUMAN	Zinc finger protein SNAI3 (Protein snail homolog 3) (Zinc finger protein 293)	SNAI3 ZNF293	Homo sapiens (Human)	292
Q3KP31	reviewed	ZN791_HUMAN	Zinc finger protein 791	ZNF791	Homo sapiens (Human)	576
Q3MIS6	reviewed	ZN528_HUMAN	Zinc finger protein 528	ZNF528 KIAA1827	Homo sapiens (Human)	628
Q3SXZ3	reviewed	ZN718_HUMAN	Zinc finger protein 718	ZNF718	Homo sapiens (Human)	478
Q494X3	reviewed	ZN404_HUMAN	Zinc finger protein 404	ZNF404	Homo sapiens (Human)	552
Q499Z4	reviewed	ZN672_HUMAN	Zinc finger protein 672	ZNF672	Homo sapiens (Human)	452
Q49AA0	reviewed	ZFP69_HUMAN	Zinc finger protein 69 homolog (Zinc finger protein 642)	ZFP69 ZNF642	Homo sapiens (Human)	526
Q52M93	reviewed	Z585B_HUMAN	Zinc finger protein 585B (zinc finger protein 41-like protein)	ZNF585B	Homo sapiens (Human)	769
Q5CZA5	reviewed	ZN805_HUMAN	Zinc finger protein 805	ZNF805	Homo sapiens (Human)	627
Q5EBL2	reviewed	ZN628_HUMAN	Zinc finger protein 628	ZNF628	Homo sapiens (Human)	1059
Q5EBM4	reviewed	ZN542_HUMAN	Putative zinc finger protein 542 (Zinc finger protein 542 pseudogene)	ZNF542P ZNF542	Homo sapiens (Human)	170
Q5HY98	reviewed	ZN766_HUMAN	Zinc finger protein 766	ZNF766	Homo sapiens (Human)	468
Q5HYK9	reviewed	ZN667_HUMAN	Zinc finger protein 667	ZNF667	Homo sapiens (Human)	610
Q5JNZ3	reviewed	ZN311_HUMAN	Zinc finger protein 311 (Zinc finger protein zfp-31)	ZNF311 ZFP31	Homo sapiens (Human)	666
Q5JVG2	reviewed	ZN484_HUMAN	Zinc finger protein 484	ZNF484	Homo sapiens (Human)	852
Q5JVG8	reviewed	ZN506_HUMAN	Zinc finger protein 506	ZNF506	Homo sapiens (Human)	444
Q5MCW4	reviewed	ZN569_HUMAN	Zinc finger protein 569	ZNF569	Homo sapiens (Human)	686
Q5SVQ8	reviewed	ZBT41_HUMAN	Zinc finger and BTB domain-containing protein 41	ZBTB41 FRBZ1	Homo sapiens (Human)	909
Q5SXM1	reviewed	ZN678_HUMAN	Zinc finger protein 678	ZNF678	Homo sapiens (Human)	525
Q5T0B9	reviewed	ZN362_HUMAN	Zinc finger protein 362	ZNF362 PP6997	Homo sapiens (Human)	420
Q5T5D7	reviewed	ZN684_HUMAN	Zinc finger protein 684	ZNF684	Homo sapiens (Human)	378
Q5TEC3	reviewed	ZN697_HUMAN	Zinc finger protein 697	ZNF697	Homo sapiens (Human)	545
Q5VIY5	reviewed	ZN468_HUMAN	Zinc finger protein 468	ZNF468	Homo sapiens (Human)	522
Q68DI1	reviewed	ZN776_HUMAN	Zinc finger protein 776	ZNF776	Homo sapiens (Human)	518
Q68DY9	reviewed	ZN772_HUMAN	Zinc finger protein 772	ZNF772	Homo sapiens (Human)	489
Q6AHZ1	reviewed	Z518A_HUMAN	Zinc finger protein 518A	ZNF518A KIAA0335 ZNF518	Homo sapiens (Human)	1483
Q6AW86	reviewed	Z324B_HUMAN	Zinc finger protein 324B	ZNF324B	Homo sapiens (Human)	544
Q6BEB4	reviewed	SP5_HUMAN	Transcription factor Sp5	SP5	Homo sapiens (Human)	398
Q6DD87	reviewed	ZN787_HUMAN	Zinc finger protein 787 (TTF-I-interacting peptide 20)	ZNF787	Homo sapiens (Human)	382
Q6IQ21	reviewed	ZN770_HUMAN	Zinc finger protein 770	ZNF770	Homo sapiens (Human)	691
Q6NX49	reviewed	ZN544_HUMAN	Zinc finger protein 544	ZNF544	Homo sapiens (Human)	715
Q6P280	reviewed	ZN529_HUMAN	Zinc finger protein 529	ZNF529 KIAA1615	Homo sapiens (Human)	563
Q6P3V2	reviewed	Z585A_HUMAN	Zinc finger protein 585A	ZNF585A	Homo sapiens (Human)	769
Q6P9A1	reviewed	ZN530_HUMAN	Zinc finger protein 530	ZNF530 KIAA1508	Homo sapiens (Human)	599
Q6P9A3	reviewed	ZN549_HUMAN	Zinc finger protein 549	ZNF549	Homo sapiens (Human)	640
Q6PG37	reviewed	ZN790_HUMAN	Zinc finger protein 790	ZNF790	Homo sapiens (Human)	636
Q6PK81	reviewed	ZN773_HUMAN	Zinc finger protein 773 (Zinc finger protein 419B)	ZNF773 ZNF419B	Homo sapiens (Human)	442
Q6V9R5	reviewed	ZN562_HUMAN	Zinc finger protein 562	ZNF562	Homo sapiens (Human)	426
Q6ZMS4	reviewed	ZN852_HUMAN	Zinc finger protein 852	ZNF852	Homo sapiens (Human)	543
Q6ZMW2	reviewed	ZN782_HUMAN	Zinc finger protein 782	ZNF782	Homo sapiens (Human)	699
Q6ZMY9	reviewed	ZN517_HUMAN	Zinc finger protein 517	ZNF517	Homo sapiens (Human)	492
Q6ZN06	reviewed	ZN813_HUMAN	Zinc finger protein 813	ZNF813	Homo sapiens (Human)	617
Q6ZN08	reviewed	ZNF66_HUMAN	Putative zinc finger protein 66 (Zinc finger protein 66 pseudogene)	ZNF66 ZNF66P	Homo sapiens (Human)	573
Q6ZN19	reviewed	ZN841_HUMAN	Zinc finger protein 841	ZNF841	Homo sapiens (Human)	808
Q6ZN79	reviewed	Z705A_HUMAN	Zinc finger protein 705A	ZNF705A	Homo sapiens (Human)	300
Q6ZNA1	reviewed	ZN836_HUMAN	Zinc finger protein 836	ZNF836	Homo sapiens (Human)	936
Q6ZNC4	reviewed	ZN704_HUMAN	Zinc finger protein 704	ZNF704	Homo sapiens (Human)	412
Q6ZNG1	reviewed	ZN600_HUMAN	Zinc finger protein 600	ZNF600	Homo sapiens (Human)	722
Q6ZRF7	reviewed	ZN818_HUMAN	Putative zinc finger protein 818	ZNF818P ZNF818	Homo sapiens (Human)	136
Q6ZSS3	reviewed	ZN621_HUMAN	Zinc finger protein 621	ZNF621	Homo sapiens (Human)	439
Q6ZT77	reviewed	ZN826_HUMAN	Putative zinc finger protein 826	ZNF826P ZNF826	Homo sapiens (Human)	177
Q76KX8	reviewed	ZN534_HUMAN	Zinc finger protein 534 (KRAB domain only protein 3)	ZNF534 KRBO3	Homo sapiens (Human)	674
Q7L945	reviewed	ZN627_HUMAN	Zinc finger protein 627	ZNF627	Homo sapiens (Human)	461
Q7Z3V5	reviewed	ZN571_HUMAN	Zinc finger protein 571	ZNF571 HSPC059	Homo sapiens (Human)	609
Q7Z7K2	reviewed	ZN467_HUMAN	Zinc finger protein 467	ZNF467	Homo sapiens (Human)	595
Q86T29	reviewed	ZN605_HUMAN	Zinc finger protein 605	ZNF605	Homo sapiens (Human)	641
Q86V71	reviewed	ZN429_HUMAN	Zinc finger protein 429	ZNF429	Homo sapiens (Human)	674
Q86WZ6	reviewed	ZN227_HUMAN	Zinc finger protein 227	ZNF227	Homo sapiens (Human)	799
Q86XN6	reviewed	ZN761_HUMAN	Zinc finger protein 761	ZNF761 KIAA2033	Homo sapiens (Human)	746
Q86XU0	reviewed	ZN677_HUMAN	Zinc finger protein 677	ZNF677	Homo sapiens (Human)	584
Q8IVC4	reviewed	ZN584_HUMAN	Zinc finger protein 584	ZNF584	Homo sapiens (Human)	421
Q8IYB9	reviewed	ZN595_HUMAN	Zinc finger protein 595	ZNF595	Homo sapiens (Human)	648
Q8IYN0	reviewed	ZN100_HUMAN	Zinc finger protein 100	ZNF100	Homo sapiens (Human)	542
Q8IZM8	reviewed	ZN654_HUMAN	Zinc finger protein 654 (Melanoma-associated antigen)	ZNF654	Homo sapiens (Human)	1128
Q8N141	reviewed	ZFP82_HUMAN	Zinc finger protein 82 homolog (Zfp-82) (Zinc finger protein 545)	ZFP82 KIAA1948 ZNF545	Homo sapiens (Human)	532
Q8N1W2	reviewed	ZN710_HUMAN	Zinc finger protein 710	ZNF710	Homo sapiens (Human)	664
Q8N2I2	reviewed	ZN619_HUMAN	Zinc finger protein 619	ZNF619	Homo sapiens (Human)	560
Q8N587	reviewed	ZN561_HUMAN	Zinc finger protein 561	ZNF561	Homo sapiens (Human)	486
Q8N782	reviewed	ZN525_HUMAN	Zinc finger protein 525	ZNF525 KIAA1979	Homo sapiens (Human)	479
Q8N7Q3	reviewed	ZN676_HUMAN	Zinc finger protein 676	ZNF676	Homo sapiens (Human)	588
Q8N8C0	reviewed	ZN781_HUMAN	Zinc finger protein 781	ZNF781	Homo sapiens (Human)	355
Q8N972	reviewed	ZN709_HUMAN	Zinc finger protein 709	ZNF709	Homo sapiens (Human)	641
Q8N9F8	reviewed	ZN454_HUMAN	Zinc finger protein 454	ZNF454	Homo sapiens (Human)	522
Q8N9K5	reviewed	ZN565_HUMAN	Zinc finger protein 565	ZNF565	Homo sapiens (Human)	539
Q8NB42	reviewed	ZN527_HUMAN	Zinc finger protein 527	ZNF527 KIAA1829	Homo sapiens (Human)	609
Q8NB50	reviewed	ZFP62_HUMAN	Zinc finger protein 62 homolog (Zfp-62)	ZFP62	Homo sapiens (Human)	900
Q8NDW4	reviewed	ZN248_HUMAN	Zinc finger protein 248	ZNF248	Homo sapiens (Human)	579
Q8NE65	reviewed	ZN738_HUMAN	Zinc finger protein 738	ZNF738	Homo sapiens (Human)	375
Q8NEK5	reviewed	ZN548_HUMAN	Zinc finger protein 548	ZNF548	Homo sapiens (Human)	533
Q8NEM1	reviewed	ZN680_HUMAN	Zinc finger protein 680	ZNF680	Homo sapiens (Human)	530
Q8TA94	reviewed	ZN563_HUMAN	Zinc finger protein 563	ZNF563	Homo sapiens (Human)	476
Q8TAW3	reviewed	ZN671_HUMAN	Zinc finger protein 671	ZNF671	Homo sapiens (Human)	534
Q8TB69	reviewed	ZN519_HUMAN	Zinc finger protein 519	ZNF519	Homo sapiens (Human)	540
Q8TCN5	reviewed	ZN507_HUMAN	Zinc finger protein 507	ZNF507 KIAA1084	Homo sapiens (Human)	953
Q8TF20	reviewed	ZN721_HUMAN	Zinc finger protein 721	ZNF721 KIAA1982	Homo sapiens (Human)	911
Q8TF32	reviewed	ZN431_HUMAN	Zinc finger protein 431	ZNF431 KIAA1969	Homo sapiens (Human)	576
Q92670	reviewed	ZN75C_HUMAN	Putative zinc finger protein 75C (Zinc finger protein 75C pseudogene)	ZNF75CP ZNF75C	Homo sapiens (Human)	426
Q96CS4	reviewed	ZN689_HUMAN	Zinc finger protein 689	ZNF689	Homo sapiens (Human)	500
Q96GE5	reviewed	ZN799_HUMAN	Zinc finger protein 799 (Zinc finger protein 842)	ZNF799 ZNF842	Homo sapiens (Human)	643
Q96H40	reviewed	ZN486_HUMAN	Zinc finger protein 486 (KRAB domain only protein 2)	ZNF486 KRBO2	Homo sapiens (Human)	463
Q96JF6	reviewed	ZN594_HUMAN	Zinc finger protein 594 (Zinc finger protein HZF18)	ZNF594 KIAA1871	Homo sapiens (Human)	807
Q96K75	reviewed	ZN514_HUMAN	Zinc finger protein 514	ZNF514	Homo sapiens (Human)	400
Q96LW1	reviewed	Z354B_HUMAN	Zinc finger protein 354B	ZNF354B	Homo sapiens (Human)	612
Q96ME7	reviewed	ZN512_HUMAN	Zinc finger protein 512	ZNF512 KIAA1805	Homo sapiens (Human)	567
Q96MR9	reviewed	ZN560_HUMAN	Zinc finger protein 560	ZNF560	Homo sapiens (Human)	790
Q96MU6	reviewed	ZN778_HUMAN	Zinc finger protein 778	ZNF778	Homo sapiens (Human)	729
Q96N20	reviewed	ZN75A_HUMAN	Zinc finger protein 75A	ZNF75A	Homo sapiens (Human)	296
Q96N22	reviewed	ZN681_HUMAN	Zinc finger protein 681	ZNF681	Homo sapiens (Human)	645
Q96ND8	reviewed	ZN583_HUMAN	Zinc finger protein 583 (Zinc finger protein L3-5)	ZNF583	Homo sapiens (Human)	569
Q96NG8	reviewed	ZN582_HUMAN	Zinc finger protein 582	ZNF582	Homo sapiens (Human)	517
Q96NI8	reviewed	ZN570_HUMAN	Zinc finger protein 570	ZNF570	Homo sapiens (Human)	536
Q96NJ3	reviewed	ZN285_HUMAN	Zinc finger protein 285 (Zinc finger protein 285A)	ZNF285 ZNF285A	Homo sapiens (Human)	590
Q96NJ6	reviewed	ZFP3_HUMAN	Zinc finger protein 3 homolog (Zfp-3) (Zinc finger protein 752)	ZFP3 ZNF752	Homo sapiens (Human)	502
Q96T25	reviewed	ZIC5_HUMAN	Zinc finger protein ZIC 5 (Zinc finger protein of the cerebellum 5)	ZIC5	Homo sapiens (Human)	639
Q99676	reviewed	ZN184_HUMAN	Zinc finger protein 184	ZNF184	Homo sapiens (Human)	751
Q9BRH9	reviewed	ZN251_HUMAN	Zinc finger protein 251	ZNF251	Homo sapiens (Human)	671
Q9BV97	reviewed	ZN747_HUMAN	Zinc finger protein 747	ZNF747	Homo sapiens (Human)	330
Q9BWM5	reviewed	ZN416_HUMAN	Zinc finger protein 416	ZNF416	Homo sapiens (Human)	594
Q9BY31	reviewed	ZN717_HUMAN	Zinc finger protein 717 (Krueppel-like factor X17)	ZNF717	Homo sapiens (Human)	914
Q9C0D4	reviewed	Z518B_HUMAN	Zinc finger protein 518B	ZNF518B KIAA1729	Homo sapiens (Human)	1074
Q9H0M5	reviewed	ZN700_HUMAN	Zinc finger protein 700	ZNF700	Homo sapiens (Human)	742
Q9H5J0	reviewed	ZBTB3_HUMAN	Zinc finger and BTB domain-containing protein 3	ZBTB3	Homo sapiens (Human)	574
Q9H7R5	reviewed	ZN665_HUMAN	Zinc finger protein 665 (Zinc finger protein 160-like)	ZNF665 ZFP160L	Homo sapiens (Human)	678
Q9H8G1	reviewed	ZN430_HUMAN	Zinc finger protein 430	ZNF430	Homo sapiens (Human)	570
Q9H963	reviewed	ZN702_HUMAN	Putative zinc finger protein 702	ZNF702P ZNF702	Homo sapiens (Human)	129
Q9HAH1	reviewed	ZN556_HUMAN	Zinc finger protein 556	ZNF556	Homo sapiens (Human)	456
Q9HBT7	reviewed	ZN287_HUMAN	Zinc finger protein 287 (Zinc finger protein with KRAB and SCAN domains 13)	ZNF287 ZKSCAN13	Homo sapiens (Human)	761
Q9HCE3	reviewed	ZN532_HUMAN	Zinc finger protein 532	ZNF532 KIAA1629	Homo sapiens (Human)	1301
Q9HCL3	reviewed	ZFP14_HUMAN	Zinc finger protein 14 homolog (Zfp-14) (Zinc finger protein 531)	ZFP14 KIAA1559 ZNF531	Homo sapiens (Human)	533
Q9HCZ1	reviewed	ZN334_HUMAN	Zinc finger protein 334	ZNF334	Homo sapiens (Human)	680
Q9NSJ1	reviewed	Z355P_HUMAN	Putative zinc finger protein 355P (Zinc finger protein ZnFP01)	ZNF355P ZNF834 PRED65	Homo sapiens (Human)	428
Q9NW07	reviewed	ZN358_HUMAN	Zinc finger protein 358	ZNF358	Homo sapiens (Human)	568
Q9NXT0	reviewed	ZN586_HUMAN	Zinc finger protein 586	ZNF586	Homo sapiens (Human)	402
Q9NYT6	reviewed	ZN226_HUMAN	Zinc finger protein 226	ZNF226	Homo sapiens (Human)	803
Q9P255	reviewed	ZN492_HUMAN	Zinc finger protein 492 (Zinc finger protein 115)	ZNF492 KIAA1473 ZNF115	Homo sapiens (Human)	531
Q9UC06	reviewed	ZNF70_HUMAN	Zinc finger protein 70 (Zinc finger protein N27C7-1)	ZNF70	Homo sapiens (Human)	446
Q9UII5	reviewed	ZN107_HUMAN	Zinc finger protein 107 (Zinc finger protein 588) (Zinc finger protein ZFD25)	ZNF107 ZFD25 ZNF588	Homo sapiens (Human)	783
Q9UJN7	reviewed	ZN391_HUMAN	Zinc finger protein 391	ZNF391	Homo sapiens (Human)	358
Q9UK10	reviewed	ZN225_HUMAN	Zinc finger protein 225	ZNF225	Homo sapiens (Human)	706
Q9UK12	reviewed	ZN222_HUMAN	Zinc finger protein 222	ZNF222	Homo sapiens (Human)	451
Q9UL59	reviewed	ZN214_HUMAN	Zinc finger protein 214 (BWSCR2-associated zinc finger protein 1) (BAZ-1)	ZNF214 BAZ1	Homo sapiens (Human)	606
Q9Y2G7	reviewed	ZFP30_HUMAN	Zinc finger protein 30 homolog (Zfp-30) (Zinc finger protein 745)	ZFP30 KIAA0961 ZNF745	Homo sapiens (Human)	519
Q9Y6R6	reviewed	Z780B_HUMAN	Zinc finger protein 780B (Zinc finger protein 779)	ZNF780B ZNF779	Homo sapiens (Human)	833
A0A087WUV0	reviewed	ZN892_HUMAN	Zinc finger protein 892	ZNF892	Homo sapiens (Human)	522
A0A0U1RQI7	reviewed	KLF18_HUMAN	Kruppel-like factor 18	KLF18	Homo sapiens (Human)	1052
A0A1W2PQL4	reviewed	ZN722_HUMAN	Zinc finger protein 722	ZNF722 ZNF722P	Homo sapiens (Human)	384
A8MQ14	reviewed	ZN850_HUMAN	Zinc finger protein 850	ZNF850	Homo sapiens (Human)	1090
A8MT65	reviewed	ZN891_HUMAN	Zinc finger protein 891	ZNF891	Homo sapiens (Human)	544
A8MTY0	reviewed	ZN724_HUMAN	Zinc finger protein 724	ZNF724 ZNF724P	Homo sapiens (Human)	619
A8MUZ8	reviewed	Z705G_HUMAN	Putative zinc finger protein 705G	ZNF705G	Homo sapiens (Human)	300
B4DX44	reviewed	ZN736_HUMAN	Zinc finger protein 736	ZNF736	Homo sapiens (Human)	427
B4DXR9	reviewed	ZN732_HUMAN	Zinc finger protein 732	ZNF732	Homo sapiens (Human)	585
B7Z6K7	reviewed	ZN814_HUMAN	Zinc finger protein 814	ZNF814	Homo sapiens (Human)	855
C9JN71	reviewed	ZN878_HUMAN	Zinc finger protein 878	ZNF878	Homo sapiens (Human)	531
P0CG23	reviewed	ZN853_HUMAN	Zinc finger protein 853	ZNF853	Homo sapiens (Human)	659
P0CG24	reviewed	ZN883_HUMAN	Zinc finger protein 883	ZNF883	Homo sapiens (Human)	379
P0CI00	reviewed	Z705B_HUMAN	Putative zinc finger protein 705B	ZNF705B	Homo sapiens (Human)	300
P0CJ78	reviewed	ZN865_HUMAN	Zinc finger protein 865	ZNF865	Homo sapiens (Human)	1059
P0DKX0	reviewed	ZN728_HUMAN	Zinc finger protein 728	ZNF728	Homo sapiens (Human)	622
P0DPD5	reviewed	ZN723_HUMAN	Zinc finger protein 723	ZNF723	Homo sapiens (Human)	513
Q15940	reviewed	ZNF67_HUMAN	Putative zinc finger protein 726P1	ZNF726P1 ZNF67 ZNF67P	Homo sapiens (Human)	193
Q49A33	reviewed	Z876P_HUMAN	Putative zinc finger protein 876	ZNF876P	Homo sapiens (Human)	203
Q4V348	reviewed	Z658B_HUMAN	Zinc finger protein 658B	ZNF658B	Homo sapiens (Human)	819
Q5JPB2	reviewed	ZN831_HUMAN	Zinc finger protein 831	ZNF831 C20orf174	Homo sapiens (Human)	1677
Q6PDB4	reviewed	ZN880_HUMAN	Zinc finger protein 880	ZNF880	Homo sapiens (Human)	577
Q6ZMV8	reviewed	ZN730_HUMAN	Putative zinc finger protein 730	ZNF730	Homo sapiens (Human)	503
Q6ZTB9	reviewed	ZN833_HUMAN	Putative zinc finger protein 833	ZNF833P ZNF833	Homo sapiens (Human)	187
Q8N123	reviewed	CPXCR_HUMAN	CPX chromosomal region candidate gene 1 protein (Cancer/testis antigen 77) (CT77)	CPXCR1	Homo sapiens (Human)	301
Q8N446	reviewed	ZN843_HUMAN	Zinc finger protein 843	ZNF843	Homo sapiens (Human)	348
Q96B54	reviewed	ZN428_HUMAN	Zinc finger protein 428 (Enzyme-like protein PIT13)	ZNF428 C19orf37	Homo sapiens (Human)	188
Q96IR2	reviewed	ZN845_HUMAN	Zinc finger protein 845	ZNF845	Homo sapiens (Human)	970
O60384	reviewed	ZN861_HUMAN	Putative zinc finger protein 861	ZNF861P	Homo sapiens (Human)	105
